timestamp_ms,temperature_c,humidity_percent,accel_x_g,accel_y_g,accel_z_g,gyro_x_dps,gyro_y_dps,gyro_z_dps
141151,2.40,21.00,-0.04,-0.02,1.07,0.06,1.25,1.60
142151,2.40,21.00,-0.04,-0.02,1.07,-0.12,1.44,1.60
143151,2.40,21.00,-0.04,-0.02,1.06,0.02,1.42,1.57
144151,2.40,20.90,-0.04,-0.02,1.07,-0.11,1.39,1.54
145151,2.40,20.90,-0.04,-0.02,1.06,-0.06,1.40,1.60
146151,2.40,20.90,-0.03,-0.02,1.07,-0.06,1.36,1.57
147151,2.40,20.90,-0.04,-0.02,1.07,0.05,1.44,1.45
148151,2.40,20.90,-0.03,-0.02,1.06,0.05,1.33,1.56
149151,2.40,20.90,-0.04,-0.02,1.07,-0.02,1.22,1.51
150151,2.40,20.90,-0.04,-0.02,1.06,0.06,1.31,1.47
151151,2.40,20.90,-0.04,-0.02,1.07,0.00,1.50,1.59
152151,2.40,21.00,-0.04,-0.02,1.06,-0.05,1.39,1.60
153151,2.40,21.00,-0.04,-0.02,1.07,0.03,1.40,1.60
154151,2.40,20.90,-0.03,-0.02,1.07,-0.03,1.42,1.59
155151,2.40,20.90,-0.04,-0.03,1.07,-0.08,1.31,1.63
156151,2.40,20.90,-0.04,-0.02,1.08,-0.03,1.39,1.63
157151,2.40,20.90,-0.04,-0.03,1.07,0.06,1.31,1.56
158151,2.40,20.90,-0.04,-0.03,1.07,0.03,1.36,1.53
159151,2.40,20.90,-0.03,-0.02,1.07,0.00,1.31,1.57
160151,2.40,20.90,-0.04,-0.03,1.06,0.12,1.56,1.54
161151,2.40,20.90,-0.03,-0.02,1.07,-0.06,1.33,1.56
162151,2.40,20.90,-0.04,-0.02,1.07,0.02,1.34,1.63
163151,2.40,20.90,-0.04,-0.02,1.07,0.02,1.34,1.57
164151,2.40,20.90,-0.03,-0.03,1.07,0.00,1.34,1.66
165151,2.40,20.90,-0.04,-0.03,1.07,-0.02,1.50,1.56
166151,2.50,20.90,-0.04,-0.03,1.07,-0.08,1.18,1.53
167151,2.50,20.90,-0.04,-0.02,1.07,-0.08,1.33,1.40
168151,2.40,20.90,-0.04,-0.02,1.07,-0.12,1.53,1.54
169151,2.40,20.90,-0.04,-0.03,1.07,-0.08,1.25,1.53
170151,2.40,20.90,-0.04,-0.02,1.07,0.00,1.57,1.56
171151,2.40,20.90,-0.03,-0.03,1.07,-0.05,1.34,1.59
172151,2.40,20.80,-0.04,-0.02,1.06,-0.03,1.47,1.63
173151,2.40,20.80,-0.03,-0.02,1.07,-0.02,1.45,1.50
174151,2.40,20.80,-0.03,-0.03,1.07,-0.03,1.21,1.47
175151,2.40,20.80,-0.03,-0.02,1.07,-0.15,1.45,1.57
176151,2.40,20.80,-0.04,-0.02,1.07,-0.05,1.56,1.50
177151,2.40,20.80,-0.03,-0.02,1.07,-0.02,1.54,1.51
178151,2.40,20.90,-0.04,-0.02,1.07,-0.06,1.39,1.54
179151,2.40,20.90,-0.04,-0.03,1.07,-0.03,1.37,1.42
180151,2.40,20.80,-0.04,-0.02,1.07,-0.02,1.40,1.53
181151,2.40,20.80,-0.04,-0.02,1.07,-0.05,1.11,1.51
182151,2.50,20.80,-0.04,-0.02,1.08,0.00,1.31,1.62
183151,2.50,20.80,-0.04,-0.02,1.07,-0.09,1.66,1.48
184151,2.50,20.80,-0.04,-0.02,1.07,-0.02,1.44,1.51
185151,2.50,20.80,-0.04,-0.03,1.07,0.11,1.24,1.40
186151,2.50,20.80,-0.04,-0.02,1.06,-0.06,1.40,1.53
187151,2.50,20.80,-0.04,-0.03,1.07,-0.08,1.48,1.45
188151,2.40,20.70,-0.04,-0.02,1.07,0.02,1.42,1.65
189151,2.40,20.70,-0.04,-0.03,1.06,-0.05,1.34,1.56
190151,2.40,20.60,-0.04,-0.02,1.07,-0.08,1.42,1.56
191151,2.40,20.60,-0.04,-0.02,1.06,-0.05,1.48,1.57
192151,2.50,20.70,-0.03,-0.02,1.07,-0.03,1.39,1.69
193151,2.50,20.70,-0.04,-0.02,1.07,-0.08,1.34,1.63
194151,2.50,20.60,-0.03,-0.02,1.07,0.11,1.39,1.54
195151,2.50,20.60,-0.03,-0.03,1.07,0.05,1.10,1.47
196151,2.40,20.60,-0.04,-0.02,1.07,-0.06,1.36,1.51
197151,2.40,20.60,-0.04,-0.02,1.07,-0.05,1.54,1.69
198151,2.40,20.50,-0.03,-0.02,1.07,-0.12,1.30,1.57
199151,2.40,20.50,-0.04,-0.03,1.07,0.05,1.36,1.45
200151,2.40,20.60,-0.04,-0.02,1.06,-0.05,1.44,1.71
201151,2.40,20.60,-0.04,-0.03,1.07,-0.08,1.28,1.62
202151,2.40,20.60,-0.04,-0.02,1.07,0.05,1.56,1.47
203151,2.40,20.60,-0.04,-0.03,1.07,0.03,1.30,1.60
204151,2.40,20.50,-0.04,-0.03,1.06,-0.03,1.40,1.51
205151,2.40,20.50,-0.03,-0.02,1.07,-0.05,1.25,1.54
206151,2.40,20.50,-0.04,-0.02,1.06,-0.03,1.34,1.62
207151,2.40,20.50,-0.04,-0.02,1.07,-0.05,1.36,1.53
208151,2.40,20.60,-0.04,-0.02,1.07,0.02,1.39,1.59
209151,2.40,20.60,-0.03,-0.02,1.07,0.02,1.50,1.50
210151,2.50,20.60,-0.03,-0.03,1.07,-0.03,1.48,1.57
211151,2.50,20.60,-0.04,-0.02,1.07,-0.09,1.40,1.53
212151,2.40,20.50,-0.03,-0.03,1.06,0.00,1.40,1.54
213151,2.40,20.50,-0.04,-0.03,1.07,-0.05,1.45,1.62
214151,2.40,20.60,-0.04,-0.03,1.07,0.08,1.15,1.44
215151,2.40,20.60,-0.04,-0.03,1.07,-0.09,1.33,1.44
216151,2.40,20.50,-0.04,-0.02,1.07,-0.02,1.40,1.50
217151,2.40,20.50,-0.04,-0.03,1.07,-0.11,1.34,1.54
218151,2.40,20.60,-0.04,-0.02,1.07,-0.06,1.30,1.59
219151,2.40,20.60,-0.04,-0.03,1.07,-0.09,1.42,1.51
220151,2.40,20.60,-0.03,-0.02,1.07,0.05,1.53,1.53
221151,2.40,20.60,-0.04,-0.02,1.07,-0.02,1.47,1.56
222151,2.40,20.60,-0.05,-0.04,1.07,0.31,-0.92,0.73
223151,2.40,20.60,-0.03,-0.02,1.06,-0.06,1.53,1.68
224151,2.50,20.60,-0.04,-0.02,1.06,0.09,1.45,1.56
225151,2.50,20.60,-0.04,-0.02,1.06,0.06,1.40,1.48
226151,2.40,20.60,-0.04,-0.03,1.07,0.02,1.27,1.66
227151,2.40,20.60,-0.04,-0.03,1.07,-0.11,1.39,1.50
228151,2.40,20.60,-0.04,-0.02,1.07,0.02,1.36,1.50
229151,2.40,20.60,-0.04,-0.02,1.06,0.00,1.36,1.63
230151,2.40,20.60,-0.04,-0.03,1.06,-0.02,1.34,1.48
231151,2.40,20.60,-0.04,-0.02,1.06,0.08,1.54,1.53
232151,2.50,20.60,-0.03,-0.02,1.06,0.05,1.30,1.56
233151,2.50,20.60,-0.04,-0.03,1.07,-0.09,1.24,1.54
234151,2.50,20.70,-0.04,-0.02,1.07,-0.11,1.28,1.45
235151,2.50,20.70,-0.03,-0.03,1.07,0.14,1.30,1.56
236151,2.40,20.70,-0.03,-0.03,1.07,-0.02,1.39,1.51
237151,2.40,20.70,-0.03,-0.02,1.07,0.06,1.27,1.40
238151,2.40,20.70,-0.04,-0.02,1.07,0.09,1.15,1.42
239151,2.40,20.70,-0.04,-0.03,1.07,-0.06,1.24,1.56
240151,2.40,20.80,-0.04,-0.03,1.07,0.02,1.47,1.60
241151,2.40,20.80,-0.04,-0.02,1.07,-0.06,1.24,1.57
242151,2.50,20.70,-0.04,-0.02,1.07,0.11,1.51,1.54
243151,2.50,20.70,-0.04,-0.02,1.06,-0.03,1.36,1.47
244151,2.50,20.70,-0.04,-0.03,1.07,-0.02,1.34,1.54
245151,2.50,20.70,-0.04,-0.02,1.07,-0.02,1.37,1.56
246151,2.50,20.70,-0.04,-0.02,1.07,-0.06,1.50,1.53
247151,2.50,20.70,-0.04,-0.03,1.07,0.00,1.31,1.56
248151,2.40,20.70,-0.04,-0.02,1.06,0.00,1.44,1.76
249151,2.40,20.70,-0.03,-0.03,1.07,0.03,1.59,1.53
250151,2.40,20.70,-0.05,-0.02,1.04,0.15,2.18,1.47
251151,2.40,20.70,-0.04,-0.03,1.07,0.06,1.02,1.69
252151,2.40,20.70,-0.04,-0.03,1.06,-0.03,1.30,1.54
253151,2.40,20.70,-0.03,-0.02,1.07,0.05,1.16,1.53
254151,2.50,20.80,-0.05,-0.02,1.07,-0.06,1.24,1.45
255151,2.50,20.80,-0.04,-0.02,1.07,0.09,1.34,1.45
256151,2.50,20.70,-0.03,-0.02,1.07,-0.11,1.33,1.39
257151,2.50,20.70,-0.04,-0.02,1.07,0.02,1.40,1.63
258151,2.40,20.70,-0.04,-0.02,1.07,-0.02,1.28,1.45
259151,2.40,20.70,-0.04,-0.02,1.08,-0.11,1.39,1.66
260151,2.50,20.80,-0.03,-0.02,1.07,-0.03,1.47,1.60
261151,2.50,20.80,-0.04,-0.03,1.08,-0.06,1.33,1.51
262151,2.50,20.80,-0.05,-0.03,1.06,-0.09,1.73,1.57
263151,2.50,20.80,-0.04,-0.02,1.06,0.03,1.36,1.53
264151,2.50,20.80,-0.04,-0.02,1.07,-0.02,1.44,1.57
265151,2.50,20.80,-0.04,-0.02,1.07,-0.02,1.39,1.51
266151,2.50,20.80,-0.03,-0.02,1.05,0.31,1.86,1.79
267151,2.50,20.80,-0.04,-0.03,1.06,-0.09,1.59,1.53
268151,2.50,20.80,-0.02,-0.04,1.06,0.11,1.31,1.50
269151,2.50,20.80,-0.04,-0.03,1.07,-0.05,1.66,1.76
270151,2.50,20.80,-0.04,-0.02,1.07,0.05,1.15,1.51
271151,2.50,20.80,-0.03,-0.03,1.07,-0.14,1.37,1.60
272151,2.50,20.80,-0.03,-0.02,1.06,-0.08,1.37,1.66
273151,2.50,20.80,-0.03,-0.02,1.07,-0.05,1.16,1.56
274151,2.50,20.80,-0.04,-0.02,1.07,0.06,1.33,1.48
275151,2.50,20.80,-0.04,-0.02,1.07,0.00,1.40,1.54
276151,2.50,20.90,-0.03,-0.02,1.06,-0.02,1.36,1.48
277151,2.50,20.90,-0.04,-0.02,1.07,-0.11,1.45,1.60
278151,2.50,20.90,-0.03,-0.02,1.06,0.00,1.37,1.48
279151,2.50,20.90,-0.03,-0.00,1.07,0.00,1.40,1.53
280151,2.50,20.90,-0.04,-0.03,1.07,0.06,1.50,1.56
281151,2.50,20.90,-0.04,-0.02,1.08,-0.06,0.84,1.54
282151,2.50,20.80,-0.04,-0.02,1.07,-0.02,1.51,1.48
283151,2.50,20.80,-0.04,-0.02,1.07,-0.05,2.32,1.80
284151,2.50,20.80,-0.04,-0.02,1.07,-0.12,1.19,1.47
285151,2.50,20.80,-0.03,-0.03,1.06,-0.08,1.34,1.62
286151,2.50,20.80,-0.04,-0.01,1.07,-0.05,1.24,1.33
287151,2.50,20.80,-0.04,-0.03,1.07,-0.11,1.28,1.59
288151,2.50,20.70,-0.03,-0.03,1.07,-0.06,1.37,1.51
289151,2.50,20.70,-0.03,-0.02,1.07,0.00,1.51,1.59
290151,2.50,20.70,-0.03,-0.03,1.07,0.05,1.45,1.56
291151,2.50,20.70,-0.04,-0.02,1.07,0.02,1.27,1.57
292151,2.50,20.60,-0.04,-0.03,1.07,-0.12,1.36,1.57
293151,2.50,20.60,-0.04,-0.02,1.07,-0.03,1.45,1.60
294151,2.50,20.60,-0.03,-0.02,1.06,0.00,1.51,1.53
295151,2.50,20.60,-0.04,-0.03,1.07,-0.06,1.42,1.66
296151,2.50,20.60,-0.04,-0.02,1.07,-0.03,1.28,1.56
297151,2.50,20.60,-0.03,-0.03,1.07,-0.08,1.31,1.62
298151,2.50,20.60,-0.04,-0.03,1.07,-0.02,1.42,1.59
299151,2.50,20.60,-0.04,-0.03,1.06,-0.06,1.34,1.44
300151,2.50,20.60,-0.04,-0.02,1.07,-0.02,1.21,1.53
301151,2.50,20.60,-0.04,-0.02,1.06,0.08,1.47,1.66
302151,2.50,20.60,-0.04,-0.02,1.07,-0.08,1.34,1.57
303151,2.50,20.60,-0.04,-0.01,1.07,-0.11,1.82,1.69
304151,2.40,20.60,-0.04,-0.03,1.07,0.05,1.27,1.60
305151,2.40,20.60,-0.04,-0.03,1.07,-0.08,1.36,1.50
306151,2.40,20.70,-0.04,-0.02,1.06,0.00,1.42,1.51
307151,2.40,20.70,-0.03,-0.02,1.07,-0.06,1.24,1.53
