timestamp_ms,temperature_c,humidity_percent,accel_x_g,accel_y_g,accel_z_g,gyro_x_dps,gyro_y_dps,gyro_z_dps,accel_mag_g,gyro_mag_dps,accel_mag_mean,accel_mag_std,accel_mag_rms,accel_mag_max,accel_mag_min,gyro_mag_mean,gyro_mag_std,gyro_mag_rms,gyro_mag_max,gyro_mag_min,accel_z_std,gyro_z_std,temp_change_rate,humidity_change_rate
331151,2.4,20.6,-0.04,-0.02,1.07,-0.05,1.42,1.53,1.0709341716464182,2.088013409918624,1.0709341716464182,0.0,1.0709341716464182,1.0709341716464182,1.0709341716464182,2.088013409918624,0.0,2.088013409918624,2.088013409918624,2.088013409918624,0.0,0.0,0.0,0.0
332151,2.5,20.6,-0.03,-0.03,1.07,-0.08,1.34,1.51,1.0708407911543154,2.020420748260124,1.0708874814003668,6.602997919645129e-05,1.0708874824182044,1.0709341716464182,1.0708407911543154,2.054217079089374,0.04779522941717321,2.054495071787713,2.088013409918624,2.020420748260124,0.0,0.014142135623730963,0.10000000000000009,0.0
333151,2.5,20.6,-0.04,-0.03,1.07,-0.03,1.31,1.59,1.071167587261676,2.060364045502639,1.0709808500208033,0.0001683243206519042,1.0709808588392231,1.071167587261676,1.0708407911543154,2.056266067893796,0.03398215771374802,2.0564532574313477,2.088013409918624,2.020420748260124,0.0,0.04163331998932266,0.0,0.0
334151,2.4,20.6,-0.04,-0.02,1.07,0.02,1.36,1.51,1.0709341716464182,2.032264746532794,1.070969180427207,0.00013940385793592195,1.070969187231827,1.071167587261676,1.0708407911543154,2.0502657375535454,0.030230347092889152,2.050432881125349,2.088013409918624,2.020420748260124,0.0,0.03785938897200186,-0.10000000000000009,0.0
335151,2.4,20.6,-0.04,-0.03,1.06,-0.05,1.48,1.51,1.0611785900591852,2.114946807841748,1.0690110623536024,0.00438014920152096,1.0690182411914213,1.071167587261676,1.0611785900591852,2.0632019516111857,0.03901453043089071,2.063497031740051,2.114946807841748,2.020420748260124,0.004472135954999583,0.03464101615137759,0.0,0.0
336151,2.5,20.6,-0.04,-0.03,1.07,-0.02,1.33,1.56,1.071167587261676,2.050097558654222,1.069057745476654,0.004406931525094211,1.0690650120549265,1.071167587261676,1.0611785900591852,2.0556187813583056,0.03659620415760188,2.0558793738933225,2.114946807841748,2.020420748260124,0.004472135954999583,0.03714835124201346,0.10000000000000009,0.0
337151,2.5,20.6,-0.04,-0.02,1.07,-0.05,1.65,1.57,1.0709341716464182,2.278135202309117,1.0690764215750748,0.0044165643085481215,1.0690837198274044,1.071167587261676,1.0611785900591852,2.107161672168104,0.10043460151835552,2.1090756269038815,2.278135202309117,2.032264746532794,0.004472135954999583,0.03633180424916995,0.0,0.0
338151,2.5,20.6,-0.04,-0.03,1.07,-0.03,0.9,1.44,1.071167587261676,1.6983815825661794,1.0690764215750748,0.0044165643085481215,1.0690837198274046,1.071167587261676,1.0611785900591852,2.0347651795808117,0.21157346231707067,2.043545937824741,2.278135202309117,1.6983815825661794,0.004472135954999583,0.05167204273105532,0.0,0.0
339151,2.5,20.6,-0.04,-0.02,1.07,-0.02,1.21,1.59,1.0709341716464182,1.9981491435826306,1.0690764215750748,0.0044165643085481215,1.0690837198274044,1.071167587261676,1.0611785900591852,2.0279420589907793,0.21222336516109244,2.036806323635117,2.278135202309117,1.6983815825661794,0.004472135954999583,0.06024948132556835,0.0,0.0
340151,2.5,20.6,-0.04,-0.03,1.07,0.05,1.36,1.66,1.071167587261676,2.146555380138141,1.0710742210155728,0.00012784699775038699,1.071074227119671,1.071167587261676,1.0709341716464182,2.034263773450058,0.21590188752281517,2.0434089164922424,2.278135202309117,1.6983815825661794,0.0,0.07956129712366435,0.0,0.0
341151,2.5,20.6,-0.04,-0.02,1.07,-0.05,1.4,1.54,1.0709341716464182,2.0818501386987487,1.0710275378925211,0.0001278469977503414,1.0710275439968853,1.071167587261676,1.0709341716464182,2.0406142894589636,0.2169485009624696,2.049819504249094,2.278135202309117,1.6983815825661794,0.0,0.08031189202104506,0.0,0.0
342151,2.5,20.6,-0.03,-0.03,1.07,0.03,1.24,1.56,1.0708407911543154,1.993012794740666,1.0710088617941007,0.00014982700390216692,1.0710088701780207,1.071167587261676,1.0708407911543154,1.9835898079452732,0.17165180531978888,1.9895225557907101,2.146555380138141,1.6983815825661794,0.0,0.08012490249604053,0.0,0.0
343151,2.5,20.6,-0.03,-0.02,1.07,-0.02,1.31,1.53,1.07060730429042,2.0142988854685893,1.0708968051998498,0.00020190578094902815,1.0708968204266927,1.071167587261676,1.07060730429042,2.0467732685257554,0.06613610254994062,2.0476278958834295,2.146555380138141,1.993012794740666,0.0,0.052249401910452464,0.0,0.0
344151,2.5,20.6,-0.04,-0.03,1.07,0.06,1.44,1.42,1.071167587261676,2.0232646885664765,1.0709434883229012,0.00023669277624757738,1.0709435092478035,1.071167587261676,1.07060730429042,2.0517963775225243,0.06236610843886912,2.05255450597542,2.146555380138141,1.993012794740666,0.0,0.08555699854482975,0.0,0.0
345151,2.5,20.6,-0.03,-0.03,1.06,0.02,1.45,1.62,1.0608487168300673,2.174235497824465,1.0688797142365796,0.004493953372104964,1.068887271886049,1.071167587261676,1.0608487168300673,2.0573324010597895,0.07317266864720738,2.0583731440144666,2.174235497824465,1.993012794740666,0.004472135954999583,0.07266360849833985,0.0,0.0
346151,2.4,20.6,-0.04,-0.02,1.07,-0.11,1.33,1.59,1.0709341716464182,2.0758371805129614,1.0688797142365796,0.004493953372104964,1.0688872718860487,1.071167587261676,1.0608487168300673,2.0561298094226315,0.07271697535353232,2.057158234069514,2.174235497824465,1.993012794740666,0.004472135954999583,0.07700649323271384,-0.10000000000000009,0.0
347151,2.4,20.6,-0.04,-0.03,1.07,0.0,1.27,1.53,1.071167587261676,1.9884164553734713,1.0689450734580515,0.004531822172292966,1.0689527585445486,1.071167587261676,1.0608487168300673,2.055210541549193,0.07373626910376715,2.056268464962686,2.174235497824465,1.9884164553734713,0.004472135954999583,0.07661592523751186,0.0,0.0
348151,2.5,20.6,-0.04,-0.04,1.07,0.12,0.98,1.63,1.0714942836991712,1.905701970403557,1.0691224693398018,0.00462946443512066,1.0691304878264394,1.0714942836991712,1.0608487168300673,2.033491158536186,0.10008563929929748,2.035460635826692,2.174235497824465,1.905701970403557,0.004472135954999583,0.08642916174532754,0.10000000000000009,0.0
349151,2.5,20.6,-0.03,-0.02,1.06,0.02,1.25,1.53,1.0606130302801302,1.9758036339677079,1.0670115579434927,0.005737509804016407,1.067023898513993,1.0714942836991712,1.0606130302801302,2.0239989476164326,0.10349070035257793,2.026114508116459,2.174235497824465,1.905701970403557,0.005477225575051676,0.047958315233126894,0.0,0.0
350151,2.5,20.7,-0.02,-0.02,1.07,0.18,1.15,1.5,1.0703737664946764,1.8986574203894708,1.0689165678764145,0.004659790674869832,1.0689246933250258,1.0714942836991712,1.0606130302801302,1.9688833321294337,0.07209736873577856,1.969939085352641,2.0758371805129614,1.8986574203894708,0.004472135954999583,0.05272570530585612,0.0,0.09999999999999787
351151,2.5,20.7,-0.04,-0.01,1.07,-0.02,2.18,1.59,1.0707940978544848,2.69831428858834,1.0688885531180277,0.0046450260022629876,1.0688966273686151,1.0714942836991712,1.0606130302801302,2.0933787537445094,0.34056092217671663,2.115424307319929,2.69831428858834,1.8986574203894708,0.004472135954999583,0.05272570530585612,0.0,0.0
352151,2.5,20.8,-0.05,-0.02,1.04,0.12,1.65,1.39,1.0413932974625868,2.16078689370331,1.0629336951582098,0.01284327145404262,1.062995766689595,1.0714942836991712,1.0413932974625868,2.127852841410477,0.3359729998477529,2.1489671937933346,2.69831428858834,1.8986574203894708,0.013038404810405321,0.09230384607371468,0.0,0.10000000000000142
353151,2.5,20.8,-0.03,-0.03,1.07,0.03,1.16,1.48,1.0708407911543154,1.8806647760831805,1.0628029966492387,0.01273726390352002,1.0628640552770614,1.0708407911543154,1.0413932974625868,2.122845402546402,0.340270842285239,2.1445512351072424,2.69831428858834,1.8806647760831805,0.013038404810405321,0.07328028384224532,0.0,0.0
354151,2.5,20.9,-0.03,-0.02,1.07,-0.11,1.16,1.56,1.07060730429042,1.9471260873400058,1.0648018514512967,0.013087071191193619,1.0648661887767872,1.0708407911543154,1.0413932974625868,2.1171098932208614,0.34359441938561874,2.1392989505910576,2.69831428858834,1.8806647760831805,0.013416407864998767,0.07765307463326895,0.0,0.09999999999999787
355151,2.5,20.9,-0.02,-0.02,1.07,0.08,1.37,1.63,1.0703737664946764,2.130774507074834,1.0648018514512967,0.013087071191193619,1.0648661887767872,1.0708407911543154,1.0413932974625868,2.163533310557934,0.3216823240913038,2.182581040877978,2.69831428858834,1.8806647760831805,0.013416407864998767,0.09565563234854503,0.0,0.0
356151,2.5,20.9,-0.04,-0.03,1.07,-0.02,1.07,1.51,1.071167587261676,1.8507836178224617,1.0648765493327348,0.013130816863746982,1.0649413129370089,1.071167587261676,1.0413932974625868,1.9940271764047584,0.14324637761243147,1.9981391342947066,2.16078689370331,1.8507836178224617,0.013416407864998767,0.08961026726887954,0.0,0.0
357151,2.5,20.9,-0.04,-0.02,1.07,-0.05,1.37,1.51,1.0709341716464182,2.039485229169361,1.0707847241695012,0.00030513367008597485,1.0707847589501824,1.071167587261676,1.0703737664946764,1.9697668434979683,0.1155345308557667,1.9724756018769916,2.130774507074834,1.8507836178224617,0.0,0.05890670590009257,0.0,0.0
358151,2.4,20.9,-0.04,-0.02,1.06,-0.03,1.51,1.57,1.0609429767899876,2.17850866420127,1.0688051612966358,0.004405562630462722,1.0688124250774782,1.071167587261676,1.0609429767899876,2.0293356211215867,0.1334959589606817,2.0328452966224457,2.17850866420127,1.8507836178224617,0.0044721359549996335,0.04979959839195484,-0.10000000000000009,0.0
359151,2.4,20.9,-0.04,-0.02,1.07,0.02,1.33,1.66,1.0709341716464182,2.127181233463665,1.0688705347678353,0.004441270246491142,1.0688779163215976,1.071167587261676,1.0609429767899876,2.065346650346318,0.13001545053975036,2.0686178960842434,2.17850866420127,1.8507836178224617,0.0044721359549996335,0.06841052550594807,0.0,0.0
360151,2.4,20.9,-0.03,-0.02,1.07,-0.05,1.45,1.57,1.07060730429042,2.1377324435017586,1.068917242326984,0.004462210225299207,1.0689246933250258,1.071167587261676,1.0609429767899876,2.0667382376317027,0.13092486925237684,2.070053139414542,2.17850866420127,1.8507836178224617,0.0044721359549996335,0.06148170459575747,0.0,0.0
361151,2.4,20.9,-0.04,-0.02,1.07,-0.12,1.45,1.68,1.0709341716464182,2.2224535990656813,1.0688705592039325,0.004433912926627834,1.0688779163215976,1.0709341716464182,1.0609429767899876,2.141072233880347,0.06809634082148049,2.141938374463654,2.2224535990656813,2.039485229169361,0.0044721359549996335,0.07049822692805797,0.0,0.0
362151,2.5,20.9,-0.04,-0.02,1.07,0.02,1.33,1.48,1.0709341716464182,1.9898994949494309,1.0688705592039325,0.004433912926627834,1.0688779163215976,1.0709341716464182,1.0609429767899876,2.131155087036361,0.08744994996453691,2.132589974655231,2.2224535990656813,1.9898994949494309,0.0044721359549996335,0.08043631020876059,0.10000000000000009,0.0
363151,2.5,20.9,-0.04,-0.02,1.07,-0.05,1.34,1.5,1.0709341716464182,2.0119890655766497,1.0708687981752187,0.00014617952552098165,1.0708688061569447,1.0709341716464182,1.07060730429042,2.097851167311437,0.09618003827484499,2.0996142502850375,2.2224535990656813,1.9898994949494309,0.0,0.09066421565314496,0.0,0.0
364151,2.5,20.8,-0.04,-0.02,1.07,-0.06,1.42,1.51,1.0709341716464182,2.0736682473336954,1.0708687981752187,0.00014617952552098165,1.0708688061569447,1.0709341716464182,1.07060730429042,2.087148570085443,0.09507133105128103,2.0888800827237546,2.2224535990656813,1.9898994949494309,0.0,0.08105553651663777,0.0,-0.09999999999999787
365151,2.5,20.8,-0.03,-0.02,1.07,-0.08,1.39,1.57,1.07060730429042,2.098427983038732,1.0708687981752187,0.00014617952552098165,1.0708688061569447,1.0709341716464182,1.07060730429042,2.0792876779928378,0.09139715632305544,2.080894038628589,2.2224535990656813,1.9898994949494309,0.0,0.08105553651663777,0.0,0.0
366151,2.5,20.8,-0.04,-0.03,1.07,-0.03,1.39,1.63,1.071167587261676,2.1424051904343395,1.0709154812982702,0.0001997363714288375,1.0709154961993967,1.071167587261676,1.07060730429042,2.0632779962665695,0.062489100271666466,2.06403488342615,2.1424051904343395,1.9898994949494309,0.0,0.06140032573203505,0.0,0.0
367151,2.5,20.8,-0.03,-0.02,1.07,0.02,1.31,1.51,1.07060730429042,1.9991498192981936,1.0708501078270705,0.0002412642522506741,1.07085012956996,1.071167587261676,1.07060730429042,2.065128061136322,0.05985494034888876,2.065821870346037,2.1424051904343395,1.9991498192981936,0.0,0.05549774770204645,0.0,0.0
368151,2.5,20.8,-0.04,-0.02,1.07,0.02,1.3,1.63,1.0709341716464182,2.0850179855339377,1.0708501078270705,0.0002412642522506741,1.07085012956996,1.071167587261676,1.07060730429042,2.0797338451277794,0.052047255331339234,2.080254792086777,2.1424051904343395,1.9991498192981936,0.0,0.059999999999999824,0.0,0.0
369151,2.5,20.8,-0.04,-0.03,1.07,-0.11,1.42,1.51,1.071167587261676,2.075716743681565,1.0708967909501221,0.0002809197632069923,1.0708968204266927,1.071167587261676,1.07060730429042,2.080143544397353,0.05199560921384279,2.0806633557594076,2.1424051904343395,1.9991498192981936,0.0,0.059999999999999824,0.0,0.0
370151,2.5,20.8,-0.03,-0.02,1.07,-0.08,1.3,1.47,1.07060730429042,1.964001018329675,1.0708967909501221,0.0002809197632069923,1.0708968204266927,1.071167587261676,1.07060730429042,2.053258151455542,0.07133515508998285,2.0542492545939988,2.1424051904343395,1.964001018329675,0.0,0.07483314773547878,0.0,0.0
371151,2.5,20.8,-0.03,-0.03,1.07,0.02,1.31,1.56,1.0708407911543154,2.0371794226331663,1.07083143172865,0.00023670120883887008,1.0708314526572331,1.071167587261676,1.07060730429042,2.032212997895307,0.05111667029168317,2.032727232070255,2.0850179855339377,1.964001018329675,0.0,0.06148170459575765,0.0,0.0
372151,2.5,20.8,-0.04,-0.03,1.07,0.05,1.42,1.54,1.071167587261676,2.095351999068414,1.0709434883229012,0.00023669277624363,1.0709435092478035,1.071167587261676,1.07060730429042,2.0514534338493515,0.05360513906921416,2.0520136451788034,2.095351999068414,1.964001018329675,0.0,0.059749476985158645,0.0,0.0
373151,2.5,20.8,-0.04,-0.02,1.09,-0.27,0.72,1.5,1.0909170454255448,1.6856156145456176,1.0749400630787265,0.008934538901349475,1.0749697670167286,1.0909170454255448,1.07060730429042,1.9715729596516876,0.16755620240043717,1.9772607314160668,2.095351999068414,1.6856156145456176,0.008944271909999192,0.03507135583350078,0.0,0.0
374151,2.4,20.8,-0.02,-0.02,1.07,0.0,0.4,1.54,1.0703737664946764,1.5911002482559042,1.0747812989253265,0.009024929389476685,1.074811611399877,1.0909170454255448,1.0703737664946764,1.8746496605665555,0.22318336110051545,1.8852479942967717,2.095351999068414,1.5911002482559042,0.008944271909999192,0.036331804249170215,-0.10000000000000009,0.0
375151,2.4,20.8,-0.03,-0.02,1.07,-0.11,1.4,1.65,1.07060730429042,2.1667025638051935,1.0747812989253265,0.009024929389476685,1.0748116113998771,1.0909170454255448,1.0703737664946764,1.9151899696616588,0.25900622605299667,1.9291500719228662,2.1667025638051935,1.5911002482559042,0.008944271909999192,0.055856960175075535,0.0,0.0
376151,2.5,20.7,-0.04,-0.02,1.07,-0.02,1.47,1.47,1.0709341716464182,2.0789901394667556,1.0747999750237471,0.009014827296787506,1.0748302191509131,1.0909170454255448,1.0703737664946764,1.9235521130283773,0.26454505397017314,1.9380505669357546,2.1667025638051935,1.5911002482559042,0.008944271909999192,0.06819090848492926,0.10000000000000009,-0.10000000000000142
377151,2.5,20.7,-0.03,-0.03,1.07,-0.09,1.21,1.51,1.0708407911543154,1.9370854395198989,1.0747346158022748,0.009048867079397109,1.0747650906128279,1.0909170454255448,1.0703737664946764,1.8918988011186737,0.24778752572951426,1.9048359509417074,2.1667025638051935,1.5911002482559042,0.008944271909999192,0.06949820141557624,0.0,0.0
378151,2.4,20.7,-0.03,-0.01,1.05,0.08,1.56,1.56,1.0504760825454333,2.2076231562474606,1.0666464232262527,0.009042111108716387,1.0666770832824712,1.0709341716464182,1.0504760825454333,1.9963003094590426,0.24911110586877333,2.008696094485176,2.2076231562474606,1.5911002482559042,0.008944271909999192,0.06730527468185526,-0.10000000000000009,0.0
379151,2.4,20.7,-0.04,-0.02,1.07,-0.11,1.08,1.47,1.0709341716464182,1.8274025281803679,1.066758504256601,0.009103131069811064,1.0667895762520367,1.0709341716464182,1.0504760825454333,2.043560765443935,0.15921446989123278,2.0485165364233695,2.2076231562474606,1.8274025281803679,0.008944271909999192,0.07563068160475618,0.0,0.0
380151,2.5,20.7,-0.03,-0.02,1.05,0.12,1.63,1.57,1.0506188652408637,2.266318600726738,1.0627608164466897,0.011149384824140036,1.0628076025320858,1.0709341716464182,1.0504760825454333,2.0634839728282444,0.1829408848541174,2.0699613522962212,2.266318600726738,1.8274025281803679,0.010954451150103333,0.047749345545253626,0.10000000000000009,0.0
381151,2.5,20.7,-0.02,-0.01,1.07,0.05,1.37,1.44,1.070233619356073,1.9882152800941855,1.0626207059886208,0.011024699783058874,1.062666457549122,1.0709341716464182,1.0504760825454333,2.04532900095373,0.18550363156019387,2.05204775772885,2.266318600726738,1.8274025281803679,0.010954451150103333,0.05612486080160948,0.0,0.0
382151,2.4,20.8,-0.03,-0.03,1.07,-0.08,1.48,1.63,1.0708407911543154,2.203111436128459,1.0626207059886208,0.011024699783058874,1.062666457549122,1.0709341716464182,1.0504760825454333,2.0985342002754424,0.18484524024948076,2.105036816780172,2.266318600726738,1.8274025281803679,0.010954451150103333,0.07765307463326873,-0.10000000000000009,0.10000000000000142
383151,2.4,20.8,-0.04,-0.02,1.07,-0.02,1.31,1.48,1.0709341716464182,1.976587969203496,1.0667123238088176,0.009001266188155185,1.066742705623057,1.0709341716464182,1.0506188652408637,2.052327162866649,0.179559240084333,2.058601467015896,2.266318600726738,1.8274025281803679,0.008944271909999192,0.07918333157931674,0.0,0.0
384151,2.5,20.8,-0.05,-0.02,1.07,-0.09,1.68,1.53,1.071354283138869,2.2740712389896673,1.0667963461073078,0.009052343073548451,1.0668270712725658,1.071354283138869,1.0506188652408637,2.1416609050285094,0.14802266664462072,2.1457492863799352,2.2740712389896673,1.976587969203496,0.008944271909999192,0.07449832212875673,0.10000000000000009,0.0
385151,2.5,20.8,-0.03,-0.03,1.07,0.0,1.16,1.59,1.0708407911543154,1.9681717404738845,1.0708407312899983,0.00040032846174945533,1.0708407911543152,1.071354283138869,1.070233619356073,2.0820315329779384,0.14527859307867796,2.0860824528287467,2.2740712389896673,1.9681717404738845,0.0,0.07765307463326872,0.0,0.0
386151,2.5,20.8,-0.04,-0.02,1.07,0.02,1.42,1.53,1.0709341716464182,2.0875104790156143,1.0709808417480673,0.00021391762826992512,1.0709808588392231,1.071354283138869,1.0708407911543154,2.101890572762224,0.13572039333354313,2.1053930749387395,2.2740712389896673,1.9681717404738845,0.0,0.0584807660688536,0.0,0.0
387151,2.5,20.8,-0.04,-0.02,1.06,0.0,1.39,1.57,1.0609429767899876,2.096902477465273,1.0690012788752017,0.004509124524684306,1.0690088867731644,1.071354283138869,1.0609429767899876,2.080648781029587,0.12369645306199012,2.0835882510707338,2.2740712389896673,1.9681717404738845,0.0044721359549996335,0.04242640687119285,0.0,0.0
388151,2.5,20.7,-0.04,-0.02,1.07,-0.06,1.33,1.48,1.0709341716464182,1.9907033932758542,1.0690012788752017,0.004509124524684306,1.0690088867731642,1.071354283138869,1.0609429767899876,2.0834718658440585,0.12085623813169949,2.086274190992162,2.2740712389896673,1.9681717404738845,0.0044721359549996335,0.04242640687119285,0.0,-0.10000000000000142
389151,2.5,20.7,-0.04,-0.02,1.07,-0.06,1.27,1.63,1.0709341716464182,2.067220355936928,1.0689172565767115,0.004457941301301678,1.0689246933250258,1.0709341716464182,1.0609429767899876,2.042101689233511,0.05874405107797576,2.0427775209258594,2.096902477465273,1.9681717404738845,0.0044721359549996335,0.057445626465380026,0.0,0.0
390151,2.5,20.7,-0.03,-0.02,1.07,-0.05,1.31,1.54,1.07060730429042,2.0224242878288425,1.0688705592039325,0.00443391292662747,1.0688779163215976,1.0709341716464182,1.0609429767899876,2.052952198704502,0.04510085689803014,2.053348484792584,2.096902477465273,1.9907033932758542,0.0044721359549996335,0.05522680508593614,0.0,0.0
391151,2.5,20.7,-0.04,-0.03,1.07,-0.05,1.34,1.57,1.071167587261676,2.0647033685253677,1.068917242326984,0.004462210225298844,1.0689246933250256,1.071167587261676,1.0609429767899876,2.0483907766064533,0.041761619844244986,2.048731314740906,2.096902477465273,1.9907033932758542,0.0044721359549996335,0.0544977063737546,0.0,0.0
392151,2.5,20.6,-0.04,-0.03,1.06,0.02,1.3,1.62,1.0611785900591852,2.07720966683674,1.0689643649808236,0.004356948637633384,1.068971468281544,1.071167587261676,1.0611785900591852,2.0444522144807467,0.03665962876196505,2.044715139084171,2.07720966683674,1.9907033932758542,0.0044721359549996335,0.0614003257320347,0.0,-0.09999999999999787
393151,2.5,20.6,-0.04,-0.02,1.07,0.0,1.27,1.53,1.0709341716464182,1.9884164553734713,1.0689643649808236,0.004356948637633384,1.068971468281544,1.071167587261676,1.0611785900591852,2.0439948269002697,0.037502460001577254,2.0442700408703347,2.07720966683674,1.9884164553734713,0.0044721359549996335,0.04549725266430873,0.0,0.0
394151,2.5,20.7,-0.04,-0.03,1.08,-0.03,1.22,1.5,1.0811567878897121,1.933726971420733,1.0710088882294824,0.007067649312921086,1.0710275439968853,1.0811567878897121,1.0611785900591852,2.0172961499970308,0.058483365232742265,2.0179742317482647,2.07720966683674,1.933726971420733,0.007071067811865506,0.04549725266430912,0.0,0.09999999999999787
395151,2.5,20.7,-0.04,-0.02,1.07,0.0,1.33,1.68,1.0709341716464182,2.142731901101955,1.0710742617006819,0.007064517175570529,1.0710928997990792,1.0811567878897121,1.0611785900591852,2.041357672651654,0.0813852897198337,2.0426551348673616,2.142731901101955,1.933726971420733,0.007071067811865506,0.07176350047203624,0.0,0.0
396151,2.5,20.7,-0.04,-0.02,1.07,0.03,1.34,1.56,1.0709341716464182,2.0567206908085502,1.0710275785776304,0.007064517511635237,1.0710462174901698,1.0811567878897121,1.0611785900591852,2.0397611371082904,0.08088961261107658,2.041043850582344,2.142731901101955,1.933726971420733,0.007071067811865506,0.07224956747275342,0.0,0.0
397151,2.5,20.7,-0.03,-0.02,1.07,-0.08,1.4,1.51,1.07060730429042,2.0607037632808844,1.0729133214238773,0.004610410933907267,1.0729212459449202,1.0811567878897121,1.07060730429042,2.036459956397119,0.07930042552726872,2.037694775966214,2.142731901101955,1.933726971420733,0.0044721359549996335,0.07300684899377573,0.0,0.0
398151,2.5,20.6,-0.03,-0.02,1.07,-0.09,1.62,1.51,1.07060730429042,2.2164385847570878,1.0728479479526778,0.004647657169006375,1.0728560015211734,1.0811567878897121,1.07060730429042,2.0820643822738423,0.10587674477100957,2.0842168793098286,2.2164385847570878,1.933726971420733,0.0044721359549996335,0.07529940238806665,0.0,-0.09999999999999787
399151,2.5,20.6,-0.04,-0.02,1.07,-0.09,1.42,1.53,1.0709341716464182,2.0893539671391252,1.070803424704019,0.00017903262417932062,1.070803436677339,1.0709341716464182,1.07060730429042,2.1131897814175207,0.06716535297841307,2.1140435189465707,2.2164385847570878,2.0567206908085502,0.0,0.07120393247567137,0.0,0.0
400151,2.5,20.6,-0.03,-0.03,1.06,-0.09,1.3,1.37,1.0608487168300673,1.8907670401189038,1.0687863337407488,0.004440271530107268,1.0687937125563567,1.0709341716464182,1.0608487168300673,2.0627968092209104,0.11613205774048782,2.065410370846433,2.2164385847570878,1.8907670401189038,0.0044721359549996335,0.07334848328356938,0.0,0.0
401151,2.5,20.6,-0.03,-0.03,1.07,-0.02,1.39,1.57,1.0708407911543154,2.096997854076155,1.0687676576423282,0.004429161564455288,1.0687749997076093,1.0709341716464182,1.0608487168300673,2.070852241874431,0.11699889061248861,2.073494634668728,2.2164385847570878,1.8907670401189038,0.0044721359549996335,0.07563068160475651,0.0,0.0
402151,2.5,20.6,-0.03,-0.02,1.07,0.0,1.34,1.54,1.07060730429042,2.0413720875920687,1.0687676576423282,0.004429161564455288,1.0687749997076093,1.0709341716464182,1.0608487168300673,2.066985906736668,0.11773519732855278,2.0696666398239114,2.2164385847570878,1.8907670401189038,0.0044721359549996335,0.077974354758472,0.0,0.0
403151,2.5,20.6,-0.04,-0.02,1.07,-0.12,1.59,1.48,1.0709341716464182,2.175522925643396,1.068833031113528,0.004465366819831029,1.0688404932448994,1.0709341716464182,1.0608487168300673,2.0588027749139295,0.10554107024461588,2.06096579302035,2.175522925643396,1.8907670401189038,0.0044721359549996335,0.07854934754662228,0.0,0.0
404151,2.5,20.6,-0.04,-0.0,1.06,0.05,1.39,1.48,1.0607544484940896,2.03100960115899,1.0667970864830623,0.005474517244723902,1.0668083239270305,1.0709341716464182,1.0607544484940896,2.0471339017179027,0.10453939710245908,2.0492681620520043,2.175522925643396,1.8907670401189038,0.005477225575051718,0.07661592523751229,0.0,0.0
405151,2.5,20.6,-0.03,-0.03,1.06,0.02,1.51,1.62,1.0608487168300673,2.2147008827378927,1.0667970864830623,0.005474517244723902,1.0668083239270305,1.0709341716464182,1.0607544484940896,2.1119206702417004,0.0811717515968985,2.113168237505003,2.2147008827378927,2.03100960115899,0.005477225575051718,0.060166435825965335,0.0,0.0
406151,2.5,20.6,-0.03,-0.02,1.07,-0.11,1.44,1.54,1.07060730429042,2.1112318678913504,1.066750389110283,0.005432234008655811,1.0667614541217734,1.0709341716464182,1.0607544484940896,2.11476747300474,0.0807661370961607,2.1160009451793735,2.2147008827378927,2.03100960115899,0.005477225575051718,0.05761944116355186,0.0,0.0
407151,2.5,20.6,-0.05,-0.03,1.06,0.08,1.59,1.6,1.0616025621672172,2.257099909175489,1.0649494406856426,0.00532550271540388,1.0649600931490346,1.0709341716464182,1.0607544484940896,2.157913037321424,0.08896153212364219,2.159379540516211,2.257099909175489,2.03100960115899,0.005477225575051697,0.06542170893518447,0.0,0.0
408151,2.5,20.7,-0.03,-0.03,1.07,-0.06,1.34,1.45,1.0708407911543154,1.9752721331502656,1.064930764587222,0.00529936737676538,1.0649413129370089,1.0708407911543154,1.0607544484940896,2.1178628788227973,0.11904214854628586,2.1205376676682737,2.257099909175489,1.9752721331502656,0.005477225575051697,0.0736206492772239,0.0,0.09999999999999787
409151,2.5,20.7,-0.01,-0.01,1.04,0.12,1.07,1.44,1.040096149401583,1.798026696131067,1.0607991047687206,0.012512959376238903,1.060858143202945,1.0708407911543154,1.040096149401583,2.071266297817213,0.18746974264723754,2.0780423479804258,2.257099909175489,1.798026696131067,0.012247448713915896,0.08306623862918089,0.0,0.0
410151,2.5,20.7,-0.04,-0.02,1.07,-0.03,1.36,1.62,1.0709341716464182,2.1153959440256096,1.0628161957319908,0.013310432458168483,1.0628828721924162,1.0709341716464182,1.040096149401583,2.0514053100747565,0.17319156228398264,2.057245731554692,2.257099909175489,1.798026696131067,0.013038404810405304,0.08306623862918089,0.0,0.0
411151,2.5,20.7,-0.04,-0.02,1.08,0.0,1.13,1.56,1.0809255293497328,1.9262658175859322,1.0648798407438533,0.015448494155810033,1.0649694831308547,1.0809255293497328,1.040096149401583,2.0144121000136725,0.17693180649089618,2.0206187171260193,2.257099909175489,1.798026696131067,0.01516575088810311,0.08414273587185063,0.0,0.0
412151,2.5,20.7,-0.04,-0.02,1.07,-0.09,1.39,1.6,1.0709341716464182,2.121367483487951,1.0667461626396935,0.015517107232364529,1.066836444821792,1.0809255293497328,1.040096149401583,1.987265614876165,0.13608534055353932,1.9909897036398756,2.121367483487951,1.798026696131067,0.015165750888103117,0.08414273587185063,0.0,0.0
413151,2.5,20.7,-0.04,-0.02,1.07,-0.15,1.3,1.5,1.0709341716464182,1.9906029237394385,1.0667648387381141,0.015523322455479605,1.0668551916731719,1.0809255293497328,1.040096149401583,1.9903317729939995,0.13592016687454134,1.994041122946064,2.121367483487951,1.798026696131067,0.015165750888103117,0.07402702209328699,0.0,0.0
414151,2.5,20.8,-0.04,-0.03,1.07,-0.08,1.3,1.53,1.071167587261676,2.0093033618645046,1.0729791263101327,0.0044433240294228385,1.07298648640139,1.0809255293497328,1.0709341716464182,2.0325871061406873,0.08418473696748356,2.0339813175149866,2.121367483487951,1.9262658175859322,0.004472135954999633,0.04919349550499499,0.0,0.10000000000000142
415151,2.5,20.8,-0.04,-0.02,1.07,-0.06,1.54,1.77,1.0709341716464182,2.3469341703592796,1.0729791263101327,0.0044433240294228385,1.0729864864013898,1.0809255293497328,1.0709341716464182,2.0788947514074207,0.16551666294771133,2.0841593029324796,2.3469341703592796,1.9262658175859322,0.004472135954999633,0.10616025621672133,0.0,0.0
416151,2.5,20.8,-0.03,-0.02,1.08,0.12,1.33,1.51,1.0806016842481785,2.0157876872329585,1.0729143572898219,0.004298534833025182,1.0729212459449202,1.0806016842481785,1.0709341716464182,2.0967991253368266,0.14888514023702995,2.1010235600773255,2.3469341703592796,1.9906029237394385,0.004472135954999633,0.1121160113453914,0.0,0.0
417151,2.5,20.8,-0.03,-0.02,1.07,-0.11,1.53,1.45,1.07060730429042,2.1108055334397813,1.0728489838186221,0.004338478902476843,1.0728560015211734,1.0806016842481785,1.07060730429042,2.0946867353271927,0.14852390735294177,2.098894947347294,2.3469341703592796,1.9906029237394385,0.004472135954999633,0.1253794241492597,0.0,0.0
418151,2.5,20.9,0.09,0.14,0.78,26.29,-68.0,125.48,0.7975587752636166,145.12199867697524,1.018173904542062,0.12339925095787842,1.024138662486677,1.0806016842481785,0.7975587752636166,30.72096588597435,63.95226750312299,64.92835867323306,145.12199867697524,2.0093033618645046,0.1308816259067712,55.416606897210876,0.0,0.09999999999999787
419151,2.5,20.9,0.31,0.4,0.85,10.06,74.84,-31.57,0.9892421341612982,81.84677208051642,1.0017888139219864,0.11999568898912526,1.0075217119248596,1.0806016842481785,0.7975587752636166,46.68845962970473,64.9504701426925,74.52961236984935,145.12199867697524,2.0157876872329585,0.14370107863199913,60.83469585688746,0.0,0.0
420151,2.5,20.8,0.23,0.04,1.03,4.31,16.9,-5.85,1.0561249926026748,18.39588540951481,0.9988269781132377,0.11802895721589854,1.0043903623591777,1.0806016842481785,0.7975587752636166,49.89824987753584,62.564045976493105,74.97495061685603,145.12199867697524,2.0157876872329585,0.1377316230936091,61.48896714045537,0.0,-0.09999999999999787
421151,2.5,20.8,0.1,0.21,1.03,7.59,-24.38,-36.2,1.0559356040971437,44.299351011047555,0.9938937620830307,0.1142102758754657,0.9991296212203901,1.07060730429042,0.7975587752636166,58.354962542298765,57.09219940901416,77.54300123157473,145.12199867697524,2.1108055334397813,0.128530152104477,66.18207665221756,0.0,0.0
422151,2.5,20.9,0.09,0.23,1.0,-4.24,-10.79,0.02,1.030048542545447,11.593191967702424,0.985782009734036,0.10870734384532564,0.990565495058252,1.0561249926026748,0.7975587752636166,60.25143982915129,54.87110303377091,77.7104005909119,145.12199867697524,11.593191967702424,0.115628716156498,66.23490643157882,0.0,0.09999999999999787
423151,2.5,20.9,0.18,0.22,1.04,10.93,-8.93,-4.47,1.0781465577554845,14.805090340825346,1.0418995662324098,0.03400907755137842,1.0423435134349905,1.0781465577554845,0.9892421341612982,34.18805816192131,29.619298588865274,43.25119189109128,81.84677208051642,11.593191967702424,0.0796868872525461,16.899139918942648,0.0,0.0
424151,2.5,20.9,0.18,0.2,1.04,4.37,7.77,9.86,1.074243920159663,13.292456507357848,1.0588999234320826,0.01907066318752487,1.059037298682157,1.0781465577554845,1.030048542545447,20.477195047289598,13.551251925341498,23.79547562037792,44.299351011047555,11.593191967702424,0.01643167672515483,17.272561188196754,0.0,0.0
425151,2.5,20.9,0.09,0.27,0.98,-30.87,4.78,6.18,1.0204900783447137,31.84333054188899,1.0517729405804903,0.02582831446949881,1.0520266156328935,1.0781465577554845,1.0204900783447137,23.16668407376443,14.346046015644362,26.48287144552116,44.299351011047555,11.593191967702424,0.02683281572999741,18.335095309269622,0.0,0.0
426151,2.5,20.9,0.25,0.21,0.93,18.75,-25.05,-1.89,0.9856469956328179,31.347042922738343,1.0377152188876253,0.038844634266011466,1.0382966820711699,1.0781465577554845,0.9856469956328179,20.57622245610259,10.124380810509997,22.480733973782975,31.84333054188899,11.593191967702424,0.046043457732885346,5.919193357206777,0.0,0.0
427151,2.5,20.9,0.15,0.25,1.12,-57.31,58.35,17.25,1.1573245007343447,83.58660837717966,1.0631704105254047,0.06527516931462647,1.0647722761229277,1.1573245007343447,0.9856469956328179,34.97490573799804,28.56140684162265,43.31105170738758,83.58660837717966,13.292456507357848,0.07155417527999322,8.82443369287802,0.0,0.0
428151,2.5,20.8,0.19,0.23,1.02,-1.13,6.73,2.09,1.0627323275406653,7.137079234532849,1.060087564482441,0.0647529500263,1.0616684981669184,1.1573245007343447,0.9856469956328179,33.44130351673954,30.080638687977167,42.92081825874246,83.58660837717966,7.137079234532849,0.07085195833567337,7.358645935224824,0.0,-0.09999999999999787
429151,2.5,20.8,0.21,0.23,1.03,-2.14,3.97,1.42,1.076057619275102,4.72830836557854,1.0604503043055287,0.0648570745785653,1.0620357809414898,1.1573245007343447,0.9856469956328179,31.72847388838368,31.714233490543215,42.55972438820534,83.58660837717966,4.72830836557854,0.0702139587261678,7.4197540390501375,0.0,0.0
430151,2.5,20.8,0.22,0.24,1.01,-0.41,2.03,3.27,1.0611785900591852,3.870645940925106,1.068588006648423,0.061029419618226256,1.0699813082479526,1.1573245007343447,0.9856469956328179,26.1339369681909,34.06875985677025,40.1438286664339,83.58660837717966,3.870645940925106,0.06760177512462222,7.419165721292445,0.0,0.0
431151,2.5,20.8,0.22,0.25,1.02,-2.58,6.46,3.22,1.0729864864013898,7.66527233697538,1.0860559048021374,0.04035114069655887,1.0866554191646955,1.1573245007343447,1.0611785900591852,21.397582851038305,34.801118662568705,37.7723554997567,83.58660837717966,3.870645940925106,0.045276925690686885,6.642586092780495,0.0,0.0
432151,2.5,20.8,0.17,0.28,0.99,0.26,1.82,5.08,1.0427847332982967,5.402443891425436,1.0631479513149278,0.013059173733048764,1.0632121143026918,1.076057619275102,1.0427847332982967,5.760749953887462,1.603768986163519,5.936657308620736,7.66527233697538,3.870645940925106,0.015165750888102828,1.3938184960750297,0.0,0.0
433151,2.5,20.8,0.15,0.26,1.03,-1.42,9.89,-1.65,1.072846680565308,10.126746762904661,1.0651708219198563,0.013744095576726978,1.0652417565980035,1.076057619275102,1.0427847332982967,6.358683459561825,2.533195773399002,6.750297771209802,10.126746762904661,3.870645940925106,0.01673320053068124,2.543987028268985,0.0,0.0
434151,2.5,20.7,0.18,0.28,1.01,-3.22,5.63,2.06,1.063437821407533,6.805064290658833,1.0626468623463425,0.012331156954709356,1.0627040980442297,1.0729864864013898,1.0427847332982967,6.774034644577883,2.3636239744450127,7.09626098730874,10.126746762904661,3.870645940925106,0.014832396974191076,2.506477608118784,0.0,-0.10000000000000142
435151,2.5,20.7,0.16,0.28,1.01,-1.37,3.44,1.44,1.0602358228243376,3.9729208398859392,1.062458308899373,0.012366378344348885,1.0625158822342375,1.0729864864013898,1.0427847332982967,6.794489624370049,2.3324533072298945,7.107556542159901,10.126746762904661,3.9729208398859392,0.014832396974191076,2.480423350962666,0.0,0.0
436151,2.5,20.8,0.16,0.28,1.02,0.67,0.87,2.0,1.0697663296253066,2.281622229905731,1.0618142775441564,0.011749468252930847,1.061866281600466,1.072846680565308,1.0427847332982967,5.71775960295612,2.9821269931882184,6.309297900717639,10.126746762904661,2.281622229905731,0.014832396974191076,2.392546760253781,0.0,0.10000000000000142
437151,2.5,20.8,0.16,0.28,1.01,4.46,-3.33,0.31,1.0602358228243376,5.574639001765047,1.0653044954493645,0.0057371568933295035,1.0653168542738822,1.072846680565308,1.0602358228243376,5.752198625024042,2.9785673943755846,6.3391860676272955,10.126746762904661,2.281622229905731,0.008944271909998606,1.5552073816700038,0.0,0.0
438151,2.5,20.7,0.17,0.29,1.01,-1.08,2.99,1.88,1.0644716999526103,3.69335890484529,1.0636294993268252,0.003919209385780518,1.0636352758347196,1.0697663296253066,1.0602358228243376,4.465521053412168,1.7544164704863452,4.733208214308768,6.805064290658833,2.281622229905731,0.00447213595499866,0.7280934006024674,0.0,-0.10000000000000142
439151,2.5,20.7,0.17,0.29,1.02,0.78,-0.85,1.13,1.0739646176667088,1.614868415692127,1.0657348585786601,0.006042682591708985,1.0657485632174224,1.0739646176667088,1.0602358228243376,3.427481878418827,1.5473396415739074,3.696354961309858,5.574639001765047,1.614868415692127,0.005477225575050832,0.6785057111040895,0.0,0.0
440151,2.5,20.6,0.18,0.28,1.01,0.49,-0.41,2.7,1.063437821407533,2.7745630286587475,1.0663752582952992,0.0054553294623109925,1.066386421518954,1.0739646176667088,1.0602358228243376,3.187810316173388,1.5344890795053008,3.4707146238202875,5.574639001765047,1.614868415692127,0.005477225575050832,0.9128691034320664,0.0,-0.09999999999999787
441151,2.5,20.6,0.17,0.28,1.01,1.71,-1.89,-0.17,1.0617909398747005,2.554427528821282,1.0647801803451782,0.0053813966693337986,1.0647910593163337,1.0739646176667088,1.0602358228243376,3.242371375956499,1.4986443292090115,3.508521055943658,5.574639001765047,1.614868415692127,0.00447213595499866,1.15993534302601,0.0,0.0
442151,2.5,20.7,0.18,0.29,1.01,1.39,0.03,2.43,1.0661144403862093,2.7996249748850293,1.0659559038575526,0.004744869759619011,1.0659643521244038,1.0739646176667088,1.0617909398747005,2.687368570580495,0.741645270542489,2.7680281790473162,3.69335890484529,1.614868415692127,0.00447213595499866,1.1544392578221103,0.0,0.09999999999999787
443151,2.5,20.7,0.18,0.28,1.01,-0.56,-0.43,3.11,1.063437821407533,3.18913781451978,1.065749128148537,0.004847144859797477,1.0657579462523374,1.0739646176667088,1.0617909398747005,2.586524352515393,0.5892917081580974,2.639681799005327,3.18913781451978,1.614868415692127,0.00447213595499866,1.3458083073011784,0.0,0.0
444151,2.5,20.7,0.17,0.28,1.01,0.47,2.05,0.78,1.0617909398747005,2.2431674034721527,1.0633143925901352,0.0017686543867211464,1.063315569339601,1.0661144403862093,1.0617909398747005,2.7121841500713986,0.34780945951011427,2.7299670327679784,3.18913781451978,2.2431674034721527,0.0,1.399982142743565,0.0,0.0
445151,2.5,20.7,0.31,0.44,1.07,-13.34,-18.76,-26.52,1.1977478866606277,35.116998732807446,1.0901764056407544,0.06016025041717469,1.0915035501545562,1.1977478866606277,1.0617909398747005,9.180671290901138,14.502977049920736,15.891941354032237,35.116998732807446,2.2431674034721527,0.026832815729997253,12.614845619348694,0.0,0.0
446151,2.5,20.6,-0.06,-0.11,0.99,-1.68,0.15,14.24,0.9978977903573091,14.339543228429559,1.077397775737276,0.07309268804376501,1.0793794513515624,1.1977478866606277,0.9978977903573091,11.537694430822793,14.109167552559539,17.098926282079816,35.116998732807446,2.2431674034721527,0.03033150177620605,15.125880800799697,0.0,-0.09999999999999787
447151,2.5,20.6,-0.04,-0.03,1.07,-0.06,1.28,1.59,1.071167587261676,2.0420822706247663,1.0784084051123692,0.07293243262599372,1.0803795629314727,1.1977478866606277,0.9978977903573091,11.38618588997074,14.230007505225958,17.077462340757773,35.116998732807446,2.0420822706247663,0.03741657386773922,15.080190648662267,0.0,0.0
448151,2.5,20.7,-0.04,-0.03,1.07,0.06,1.39,1.63,1.071167587261676,2.1430352306950065,1.079954358283198,0.07261700924306902,1.0819057260223741,1.1977478866606277,0.9978977903573091,11.176965373205785,14.387475675312073,17.044768112239016,35.116998732807446,2.0420822706247663,0.03898717737923558,14.98473990431602,0.0,0.09999999999999787
449151,2.5,20.7,-0.04,-0.03,1.06,-0.03,1.42,1.56,1.0611785900591852,2.1097156206465364,1.0798318883200948,0.07265580643570801,1.0817855610055074,1.1977478866606277,0.9978977903573091,11.150275016640663,14.40830086500823,17.04135968753667,35.116998732807446,2.0420822706247663,0.034928498393145574,15.020457716061815,0.0,0.0
450151,2.5,20.7,-0.04,-0.03,1.07,0.02,1.16,1.54,1.071167587261676,1.9281078807992047,1.0545158284403047,0.03194463117760551,1.0549028391278508,1.071167587261676,0.9978977903573091,4.5124968462390145,5.494100496519112,6.671636980531839,14.339543228429559,1.9281078807992047,0.034928498393145574,5.661825677288278,0.0,0.0
451151,2.5,20.7,-0.03,-0.03,1.07,0.03,1.36,1.66,1.0708407911543154,2.146182657650555,1.0691044285997058,0.004432937583727608,1.0691117808723278,1.071167587261676,1.0611785900591852,2.0738247320832137,0.09158998715889466,2.075442121573136,2.146182657650555,1.9281078807992047,0.004472135954995312,0.04929503018440205,0.0,0.0
452151,2.5,20.7,-0.04,-0.03,1.07,0.0,1.27,1.56,1.071167587261676,2.011591409804685,1.0691044285997058,0.004432937583727608,1.0691117808723278,1.071167587261676,1.0611785900591852,2.0677265599191976,0.09517663449441977,2.069478195101364,2.146182657650555,1.9281078807992047,0.004472135954995312,0.05196152423554506,0.0,0.0
453151,2.5,20.7,-0.04,-0.03,1.07,-0.15,1.4,1.53,1.071167587261676,2.0792787210953705,1.0691044285997058,0.004432937583727608,1.0691117808723278,1.071167587261676,1.0611785900591852,2.05497525799927,0.08643414407121083,2.056428943581567,2.146182657650555,1.9281078807992047,0.004472135954995312,0.05196152423554596,0.0,0.0
454151,2.5,20.6,-0.05,-0.02,1.07,-0.03,1.33,1.4,1.071354283138869,1.9312690128513945,1.0711395672156425,0.0001855568858237679,1.0711395800734842,1.071354283138869,1.0708407911543154,2.019285936440242,0.09463288865981048,2.021059128279032,2.146182657650555,1.9281078807992047,0.0,0.09284395511222786,0.0,-0.09999999999999787
455151,2.5,20.6,-0.04,-0.03,1.07,-0.12,1.33,1.51,1.071167587261676,2.0157876872329585,1.0711395672156425,0.0001855568858237679,1.0711395800734842,1.071354283138869,1.0708407911543154,2.0368218977269925,0.08059588185848365,2.038097151757001,2.146182657650555,1.9312690128513945,0.0,0.09364827815225119,0.0,0.0
456151,2.5,20.6,-0.04,-0.03,1.07,-0.05,1.22,1.54,1.071167587261676,1.9653244007033546,1.0712049264371146,8.349293459154808e-05,1.0712049290401908,1.071354283138869,1.071167587261676,2.0006502463375524,0.05610917736558844,2.0012795906619343,2.0792787210953705,1.9312690128513945,0.0,0.06300793601508878,0.0,0.0
457151,2.5,20.6,-0.04,-0.03,1.06,-0.05,1.37,1.51,1.0611785900591852,2.039485229169361,1.0692071269966164,0.004488816609296986,1.0692146650696484,1.071354283138869,1.0611785900591852,2.0062290102104874,0.05879156602004116,2.0069180351972524,2.0792787210953705,1.9312690128513945,0.004472135954995312,0.05630275304886579,0.0,0.0
458151,2.5,20.7,-0.04,-0.03,1.07,-0.03,1.47,1.65,1.071167587261676,2.2100452484055615,1.0692071269966164,0.004488816609296986,1.0692146650696484,1.071354283138869,1.0611785900591852,2.0323823156725256,0.10794745793559865,2.0346744211298278,2.2100452484055615,1.9312690128513945,0.004472135954995312,0.08927485648759931,0.0,0.09999999999999787
459151,2.5,20.7,-0.03,-0.03,1.07,0.03,1.18,1.59,1.0708407911543154,1.980252509151295,1.0691044285997058,0.0044329375837276275,1.0691117808723278,1.071167587261676,1.0611785900591852,2.0421790149325063,0.09826539934995336,2.044069470443703,2.2100452484055615,1.9653244007033546,0.004472135954995312,0.060000000007343984,0.0,0.0
460151,2.5,20.6,-0.04,-0.04,1.06,-0.12,1.45,1.54,1.061508360777248,2.1186080335918676,1.06717258330282,0.005324172093582247,1.0671832082636983,1.071167587261676,1.0611785900591852,2.0627430842042878,0.10204759040276341,2.064761487436261,2.2100452484055615,1.9653244007033546,0.0054772255750482795,0.055045435786096296,0.0,-0.09999999999999787
461151,2.5,20.6,-0.04,-0.03,1.07,-0.03,1.39,1.6,1.071167587261676,2.1196697856034086,1.06717258330282,0.005324172093582247,1.0671832082636983,1.071167587261676,1.0611785900591852,2.0936121611842986,0.0875222724470533,2.095075177648764,2.2100452484055615,1.980252509151295,0.0054772255750482795,0.05449770638183958,0.0,0.0
462151,2.5,20.6,-0.03,-0.03,1.07,-0.08,1.25,1.65,1.0708407911543154,2.0715694533372515,1.069105023521846,0.004249805929827992,1.0691117808723278,1.071167587261676,1.061508360777248,2.1000290060178766,0.08365236011161781,2.1013614634326956,2.2100452484055615,1.980252509151295,0.004472135954995312,0.04615192304640256,0.0,0.0
463151,2.5,20.6,-0.03,-0.03,1.07,-0.06,1.39,1.47,1.0708407911543154,2.0240059288450714,1.0690396643003741,0.004212504086606766,1.069046303955072,1.071167587261676,1.061508360777248,2.0628211421057787,0.060713833675244626,2.063535800513284,2.1196697856034086,1.980252509151295,0.004472135954995312,0.06819090849139083,0.0,0.0
464151,2.5,20.6,-0.04,-0.03,1.07,0.08,1.3,1.45,1.071167587261676,1.9490767044936943,1.069105023521846,0.004249805929827992,1.0691117808723278,1.071167587261676,1.061508360777248,2.056585981174259,0.0718862124796675,2.057590824240816,2.1196697856034086,1.9490767044936943,0.004472135954995312,0.08467585252527053,0.0,0.0
465151,2.5,20.6,-0.04,-0.03,1.07,-0.02,1.42,1.47,1.071167587261676,2.043942269243434,1.0710368688187317,0.0001789935997480821,1.071036880784224,1.071167587261676,1.0708407911543154,2.041652828304572,0.06298540182223895,2.0424299253585176,2.1196697856034086,1.9490767044936943,0.0,0.09066421565800603,0.0,0.0
466151,2.5,20.6,-0.04,-0.03,1.06,0.06,1.37,1.6,1.0611785900591852,2.1072493919799813,1.0690390693782335,0.004397178487460198,1.069046303955072,1.071167587261676,1.0611785900591852,2.0391687495798863,0.059274897037313874,2.0398578381838277,2.1072493919799813,1.9490767044936943,0.004472135954995312,0.09066421565800603,0.0,0.0
467151,2.5,20.6,-0.04,-0.03,1.07,0.03,1.34,1.56,1.071167587261676,2.0567206908085502,1.0691044285997058,0.004432937583727641,1.0691117808723278,1.071167587261676,1.0611785900591852,2.036198997074146,0.057593883274032365,2.0368505099785796,2.1072493919799813,1.9490767044936943,0.004472135954995312,0.06595452979804735,0.0,0.0
468151,2.5,20.6,-0.04,-0.03,1.07,-0.05,1.27,1.51,1.071167587261676,1.9737021051820358,1.0691697878211777,0.004467215354366606,1.0691772537797464,1.071167587261676,1.0611785900591852,2.0261382323415393,0.06426374796617657,2.0269533788422467,2.1072493919799813,1.9490767044936943,0.004472135954995312,0.06220932406706795,0.0,0.0
469151,2.5,20.6,-0.04,-0.02,1.07,-0.05,1.4,1.56,1.0709341716464182,2.096687864227768,1.0691231046981262,0.004442268654572264,1.0691304878264394,1.071167587261676,1.0611785900591852,2.055660464288354,0.052915682458217275,2.0562052426739896,2.1072493919799813,1.9737021051820358,0.004472135954995312,0.050497524700537325,0.0,0.0
470151,2.5,20.6,-0.03,-0.03,1.07,-0.03,1.42,1.59,1.0708407911543154,2.1319943714747467,1.069057745476654,0.004406931525096033,1.0690650120549265,1.071167587261676,1.0611785900591852,2.073270884734616,0.061925746967309965,2.074010607494571,2.1319943714747467,1.9737021051820358,0.004472135954995312,0.03507135584606428,0.0,0.0
471151,2.5,20.6,-0.04,-0.03,1.07,0.05,1.3,1.53,1.071167587261676,2.008332641770282,1.0710555449171522,0.00015693239823115384,1.0710555541147246,1.071167587261676,1.0708407911543154,2.053487534692677,0.06411849245751303,2.054288197892399,2.1319943714747467,1.9737021051820358,0.0,0.030822070029141946,0.0,0.0
472151,2.5,20.6,-0.04,-0.03,1.06,-0.08,1.48,1.65,1.0611785900591852,2.2179495034828904,1.069057745476654,0.004406931525096033,1.0690650120549265,1.071167587261676,1.0611785900591852,2.0857332972275446,0.09783029205301003,2.0875679629655175,2.2179495034828904,1.9737021051820358,0.004472135954995312,0.05495452666415427,0.0,0.0
473151,2.5,20.6,-0.04,-0.03,1.06,0.05,1.3,1.51,1.0611785900591852,1.9931382290247708,1.067059946036156,0.005370238043608379,1.0670707567916946,1.071167587261676,1.0611785900591852,2.0896205219960917,0.09250725681675209,2.091257994605161,2.2179495034828904,1.9931382290247708,0.0054772255750482795,0.05495452666415427,0.0,0.0
474151,2.5,20.6,-0.04,-0.03,1.06,-0.03,1.37,1.66,1.0611785900591852,2.1525333911463487,1.0651088297187095,0.005382942415809434,1.0651197115817548,1.071167587261676,1.0611785900591852,2.100789627379808,0.09684356904071957,2.102574612231395,2.2179495034828904,1.9931382290247708,0.005477225575048391,0.06797058187834755,0.0,0.0
475151,2.5,20.6,-0.03,-0.03,1.07,0.0,1.37,1.66,1.0708407911543154,2.1523243250030886,1.0651088297187095,0.005382942415809434,1.0651197115817548,1.071167587261676,1.0611785900591852,2.104855618085476,0.09888646907082188,2.106713079657503,2.2179495034828904,1.9931382290247708,0.005477225575048391,0.0752994023939173,0.0,0.0
476151,2.5,20.5,-0.02,-0.04,1.08,0.02,1.13,1.56,1.0809255293497328,1.9263696426179477,1.0670604181363208,0.008807954270182007,1.0670894995266331,1.0809255293497328,1.0611785900591852,2.088463018255009,0.12279159875274336,2.091348847036285,2.2179495034828904,1.9263696426179477,0.008944271909997087,0.06906518660570643,0.0,-0.10000000000000142
477151,2.5,20.5,-0.04,-0.02,1.06,0.06,1.33,1.59,1.0609429767899876,2.073788803133048,1.0670132954824811,0.008847829085103178,1.067042642072003,1.0809255293497328,1.0609429767899876,2.0596308781850405,0.09950279911228521,2.0615528128088303,2.1525333911463487,1.9263696426179477,0.008944271909997087,0.06503845017281015,0.0,0.0
478151,2.5,20.6,-0.04,-0.03,1.07,0.06,1.34,1.54,1.071167587261676,2.0422536571150998,1.0690110949229794,0.008312560644358705,1.069036949782373,1.0809255293497328,1.0609429767899876,2.069453963803107,0.09354338363719795,2.0711446110786182,2.1525333911463487,1.9263696426179477,0.008366600265338473,0.055856960182962705,0.0,0.10000000000000142
479151,2.5,20.6,-0.04,-0.03,1.07,-0.05,1.42,1.69,1.071167587261676,2.207940216581962,1.0710088943634775,0.007066487309968678,1.0710275439968853,1.0809255293497328,1.0609429767899876,2.080535328890229,0.10800894197850346,2.082776992383006,2.207940216581962,1.9263696426179477,0.0070710678118627015,0.06457553717067363,0.0,0.0
480151,2.5,20.5,-0.04,-0.03,1.06,-0.03,1.28,1.39,1.0611785900591852,1.8898148057415571,1.0690764541444515,0.008331806071214332,1.069102427272523,1.0809255293497328,1.0609429767899876,2.028033425037923,0.12659199682037867,2.031191768396081,2.207940216581962,1.8898148057415571,0.008366600265338473,0.10830512453656714,0.0,-0.10000000000000142
481151,2.5,20.5,-0.04,-0.03,1.07,-0.03,1.42,1.57,1.071167587261676,2.1171206862151246,1.0671248657268402,0.0055363511758208675,1.0671363549237745,1.071167587261676,1.0609429767899876,2.0661836337573583,0.11664685803454426,2.06881608655772,2.207940216581962,1.8898148057415571,0.0054772255750482795,0.10853570841378109,0.0,0.0
482151,2.5,20.6,-0.04,-0.03,1.07,-0.12,1.45,1.56,1.071167587261676,2.133190099358236,1.0691697878211779,0.004467215354366599,1.0691772537797464,1.071167587261676,1.0611785900591852,2.078063893002396,0.12057392233581042,2.0808603989696186,2.207940216581962,1.8898148057415571,0.0044721359549953115,0.1070046727992817,0.0,0.10000000000000142
483151,2.5,20.6,-0.04,-0.03,1.07,-0.03,1.36,1.6,1.071167587261676,2.1001190442448734,1.0691697878211777,0.004467215354366599,1.0691772537797464,1.071167587261676,1.0611785900591852,2.0896369704283506,0.11904480153103991,2.0923479634133515,2.207940216581962,1.8898148057415571,0.0044721359549953115,0.10894952960376325,0.0,0.0
484151,2.5,20.5,-0.04,-0.03,1.06,-0.02,1.47,1.53,1.0611785900591852,2.1218388251702813,1.0671719883806796,0.005471199094661425,1.0671832082636983,1.071167587261676,1.0611785900591852,2.0724166921460143,0.10276827156762622,2.074454145070457,2.133190099358236,1.8898148057415571,0.0054772255750482795,0.08215838363113916,0.0,-0.10000000000000142
485151,2.5,20.5,-0.04,-0.02,1.07,-0.14,1.4,1.59,1.0709341716464182,2.1231344752511556,1.0691231046981262,0.0044422686545722515,1.0691304878264394,1.071167587261676,1.0611785900591852,2.1190806260479342,0.012108896859496319,2.1191083030369167,2.133190099358236,2.1001190442448734,0.0044721359549953115,0.02738612789134765,0.0,0.0
486151,2.5,20.5,-0.04,-0.03,1.07,-0.11,1.13,1.57,1.071167587261676,1.937498387096103,1.0691231046981262,0.0044422686545722515,1.0691304878264394,1.071167587261676,1.0611785900591852,2.08315616622413,0.08231332760109725,2.0844567637636433,2.133190099358236,1.937498387096103,0.0044721359549953115,0.02738612789134765,0.0,0.0
487151,2.5,20.5,-0.04,-0.03,1.06,-0.03,1.37,1.62,1.0611785900591852,2.1218388251702813,1.0671253052576282,0.005429419722009721,1.0671363549237745,1.071167587261676,1.0611785900591852,2.080885911386539,0.08072967074781119,2.082138323935276,2.1231344752511556,1.937498387096103,0.0054772255750482795,0.03420526276585517,0.0,0.0
488151,2.5,20.5,-0.04,-0.03,1.08,-0.02,1.37,1.54,1.0811567878897121,2.061286006356226,1.0691231453832355,0.008344160072886145,1.0691491944532345,1.0811567878897121,1.0611785900591852,2.0731193038088094,0.08028349903236306,2.07436255268938,2.1231344752511556,1.937498387096103,0.008366600265338473,0.036742346153739995,0.0,0.0
489151,2.5,20.5,-0.04,-0.03,1.07,0.0,1.33,1.63,1.071167587261676,2.103758541277967,1.0711209448237335,0.007064131219812989,1.0711395800734842,1.0811567878897121,1.0611785900591852,2.0695032470303465,0.07791269576486316,2.0706762180505187,2.1231344752511556,1.937498387096103,0.0070710678118627015,0.03674234615373872,0.0,0.0
490151,2.5,20.5,-0.03,-0.03,1.07,-0.03,1.45,1.56,1.0708407911543154,2.130023474049054,1.0711022687253131,0.0070648718572669305,1.0711209082078457,1.0811567878897121,1.0611785900591852,2.070881046789926,0.07914930546509637,2.072090731604193,2.130023474049054,1.937498387096103,0.0070710678118627015,0.03911521444247986,0.0,0.0
491151,2.5,20.5,-0.04,-0.03,1.07,0.0,1.33,1.59,1.071167587261676,2.072920644887305,1.071102268725313,0.0070648718572669305,1.0711209082078457,1.0811567878897121,1.0611785900591852,2.0979654983481666,0.030015990300084106,2.0981372691032396,2.130023474049054,2.061286006356226,0.0070710678118627015,0.03834057903685294,0.0,0.0
492151,2.5,20.5,-0.04,-0.03,1.06,0.02,1.31,1.53,1.0611785900591852,2.0142988854685893,1.0711022687253131,0.0070648718572669305,1.0711209082078457,1.0811567878897121,1.0611785900591852,2.0764575104078284,0.043934716756095116,2.076829314122853,2.130023474049054,2.0142988854685893,0.0070710678118627015,0.040620192034027204,0.0,0.0
493151,2.5,20.5,-0.04,-0.03,1.07,0.02,1.27,1.59,1.071167587261676,2.0350429970887594,1.0691044285997058,0.0044329375837275945,1.0691117808723278,1.071167587261676,1.0611785900591852,2.0712089085543353,0.04761377326188734,2.071646688023805,2.130023474049054,2.0142988854685893,0.0044721359549953115,0.03741657387951497,0.0,0.0
494151,2.5,20.5,-0.03,-0.03,1.07,0.0,1.36,1.47,1.0708407911543154,2.0026232796010337,1.0690390693782335,0.004397178487460151,1.069046303955072,1.071167587261676,1.0611785900591852,2.0509818562189484,0.051640892939896654,2.051501888860939,2.130023474049054,2.0026232796010337,0.0044721359549953115,0.05019960160082303,0.0,0.0
495151,2.5,20.5,-0.04,-0.03,1.07,-0.03,1.36,1.59,1.071167587261676,2.092510453976276,1.0691044285997058,0.0044329375837275945,1.0691117808723278,1.071167587261676,1.0611785900591852,2.043479252204393,0.03828422991915841,2.043766131434808,2.092510453976276,2.0026232796010337,0.0044721359549953115,0.05366563146820625,0.0,0.0
496151,2.5,20.5,-0.03,-0.03,1.07,0.11,1.34,1.65,1.0708407911543154,2.1284266489592727,1.0690390693782335,0.004397178487460151,1.069046303955072,1.071167587261676,1.0611785900591852,2.0545804530187866,0.053841922227775646,2.0551447637575313,2.1284266489592727,2.0026232796010337,0.0044721359549953115,0.06841052551238935,0.0,0.0
497151,2.5,20.5,-0.04,-0.03,1.06,-0.06,1.65,1.57,1.0611785900591852,2.2783766150485305,1.0690390693782337,0.004397178487460151,1.069046303955072,1.071167587261676,1.0611785900591852,2.1073959989347744,0.10736679929062909,2.109582897162375,2.2783766150485305,2.0026232796010337,0.0044721359549953115,0.0654217089419196,0.0,0.0
498151,2.5,20.5,-0.03,-0.03,1.07,-0.08,1.28,1.62,1.0708407911543154,2.066204249342257,1.0689737101567613,0.004359901617050715,1.0689808230272422,1.071167587261676,1.0611785900591852,2.113628249385474,0.10292972965768886,2.1156322931927467,2.2783766150485305,2.0026232796010337,0.0044721359549953115,0.0685565460104374,0.0,0.0
499151,2.5,20.5,-0.04,-0.04,1.06,0.02,1.31,1.6,1.061508360777248,2.0679700191250356,1.067107224081348,0.005264540981881972,1.0671176130117992,1.071167587261676,1.0611785900591852,2.126697597290274,0.08844016111191846,2.1281682264332398,2.2783766150485305,2.066204249342257,0.0054772255750482795,0.03049590137840018,0.0,0.0
500151,2.5,20.5,-0.04,-0.03,1.07,-0.02,1.4,1.6,1.071167587261676,2.1261232325526196,1.067107224081348,0.005264540981881972,1.0671176130117992,1.071167587261676,1.0611785900591852,2.133420153005543,0.08644688215916861,2.134820835573796,2.2783766150485305,2.066204249342257,0.0054772255750482795,0.02949576242244133,0.0,0.0
501151,2.5,20.5,-0.04,-0.03,1.07,0.0,1.4,1.57,1.071167587261676,2.1035446275275453,1.06717258330282,0.005324172093582213,1.0671832082636983,1.071167587261676,1.0611785900591852,2.128443748719197,0.08751577383818405,2.1298826258740178,2.2783766150485305,2.066204249342257,0.0054772255750482795,0.02167948340900148,0.0,0.0
502151,2.5,20.5,-0.04,-0.03,1.06,-0.03,1.3,1.45,1.0611785900591852,1.947665268982327,1.06717258330282,0.005324172093582213,1.0671832082636985,1.071167587261676,1.0611785900591852,2.0623014795059573,0.06885317372648338,2.0632207831446445,2.1261232325526196,1.947665268982327,0.0054772255750482795,0.06833739825952748,0.0,0.0
503151,2.5,20.5,-0.04,-0.03,1.06,-0.05,1.39,1.51,1.0611785900591852,2.0529734533110746,1.065240143083794,0.005412666027262802,1.0652511440970154,1.071167587261676,1.0611785900591852,2.0596553202997203,0.06891989516172092,2.060577588929861,2.1261232325526196,1.947665268982327,0.0054772255750483905,0.06503845017281203,0.0,0.0
504151,2.5,20.4,-0.03,-0.03,1.07,-0.02,1.5,1.57,1.0708407911543154,2.1714741536569115,1.0671066291592077,0.00541317888048606,1.0671176130117994,1.071167587261676,1.0611785900591852,2.0803561472060954,0.0855738042571761,2.0817636753483812,2.1714741536569115,1.947665268982327,0.0054772255750482795,0.06000000000734479,0.0,-0.10000000000000142
505151,2.5,20.4,-0.04,-0.03,1.07,-0.14,1.37,1.54,1.071167587261676,2.0659380436015016,1.0671066291592075,0.00541317888048606,1.0671176130117994,1.071167587261676,1.0611785900591852,2.0683191094158717,0.0816705395427276,2.0696086586598925,2.1714741536569115,1.947665268982327,0.0054772255750482795,0.05019960160082367,0.0,0.0
506151,2.5,20.4,-0.04,-0.03,1.06,0.05,1.31,1.54,1.0611785900591852,2.0224242878288425,1.0651088297187095,0.005382942415809339,1.0651197115817548,1.071167587261676,1.0611785900591852,2.0520950414761314,0.08097793485959892,2.05337283511787,2.1714741536569115,1.947665268982327,0.0054772255750483905,0.04549725267399605,0.0,0.0
507151,2.5,20.4,-0.03,-0.03,1.07,-0.03,1.27,1.6,1.0708407911543154,2.0429880077964238,1.0670412699377354,0.005353532673037223,1.0670520137275408,1.071167587261676,1.0611785900591852,2.0711595892389507,0.05828760483335127,2.071815628862762,2.1714741536569115,2.0224242878288425,0.0054772255750482795,0.03420526276585696,0.0,0.0
508151,2.5,20.4,-0.04,-0.03,1.07,0.06,1.39,1.59,1.071167587261676,2.112770692716084,1.0690390693782337,0.00439717848746014,1.069046303955072,1.071167587261676,1.0611785900591852,2.0831190371199524,0.05973982326167081,2.083804213451926,2.1714741536569115,2.0224242878288425,0.0044721359549953115,0.027748873866902377,0.0,0.0
509151,2.5,20.4,-0.04,-0.03,1.08,0.02,1.33,1.5,1.0811567878897121,2.004819193842677,1.071102268725313,0.007064871857266924,1.0711209082078457,1.0811567878897121,1.0611785900591852,2.0497880451571056,0.04196680130230305,2.050131703086414,2.112770692716084,2.004819193842677,0.0070710678118627015,0.04098780307458934,0.0,0.0
510151,2.5,20.4,-0.04,-0.03,1.07,0.05,1.39,1.57,1.071167587261676,2.0974985101305794,1.071102268725313,0.007064871857266924,1.0711209082078457,1.0811567878897121,1.0611785900591852,2.0561001384629214,0.04706671609246073,2.0565310598189375,2.112770692716084,2.004819193842677,0.0070710678118627015,0.040620192034027766,0.0,0.0
511151,2.5,20.4,-0.03,-0.03,1.07,0.0,1.07,1.42,1.0708407911543154,1.778004499431877,1.073034708944339,0.004543319372700973,1.0730424036355692,1.0811567878897121,1.0708407911543154,2.0072161807835283,0.1351998687083862,2.0108555393165366,2.112770692716084,1.778004499431877,0.004472135954995088,0.07569676347692411,0.0,0.0
512151,2.5,20.4,-0.03,-0.03,1.07,0.03,1.39,1.65,1.0708407911543154,2.1576607703714688,1.073034708944339,0.004543319372700973,1.0730424036355692,1.0811567878897121,1.0708407911543154,2.0301507332985373,0.15152557575223663,2.0346695063326625,2.1576607703714688,1.778004499431877,0.004472135954995088,0.08848728722749581,0.0,0.0
513151,2.5,20.4,-0.04,-0.03,1.07,0.0,1.37,1.53,1.071167587261676,2.0537283169883986,1.073034708944339,0.004543319372700973,1.0730424036355692,1.0811567878897121,1.0708407911543154,2.0183422581530004,0.1456645502175866,2.022542953808398,2.1576607703714688,1.778004499431877,0.004472135954995088,0.0850294066831081,0.0,0.0
514151,2.5,20.4,-0.04,-0.03,1.07,0.06,1.3,1.5,1.071167587261676,1.9858499439786481,1.0710368688187317,0.00017899359974726182,1.071036880784224,1.071167587261676,1.0708407911543154,2.014548408180194,0.14635022675447895,2.018796671287131,2.1576607703714688,1.778004499431877,0.0,0.0850294066831081,0.0,0.0
515151,2.5,20.4,-0.04,-0.03,1.07,-0.05,1.27,1.56,1.071167587261676,2.012212712413874,1.0710368688187317,0.00017899359974726182,1.071036880784224,1.071167587261676,1.0708407911543154,1.9974912486368535,0.13905354911602041,2.001359537914165,2.1576607703714688,1.778004499431877,0.0,0.08408329204355285,0.0,0.0
516151,2.5,20.3,-0.04,-0.03,1.07,-0.02,1.39,1.68,1.071167587261676,2.1805733191066974,1.0711022280402038,0.0001461476622183443,1.071102236016712,1.071167587261676,1.0708407911543154,2.0780050125718175,0.08699976813638292,2.079461468746175,2.1805733191066974,1.9858499439786481,0.0,0.07765307463894251,0.0,-0.09999999999999787
517151,2.5,20.3,-0.04,-0.03,1.06,0.03,1.42,1.51,1.0611785900591852,2.0730171248689673,1.0691697878211779,0.004467215354366552,1.0691772537797464,1.071167587261676,1.0611785900591852,2.061076283471317,0.07503793799046636,2.062168761280221,2.1805733191066974,1.9858499439786481,0.0044721359549953115,0.07300684899981164,0.0,0.0
518151,2.5,20.4,-0.04,-0.03,1.06,0.05,1.33,1.59,1.0611785900591852,2.073523571122354,1.0671719883806798,0.005471199094661569,1.0671832082636985,1.071167587261676,1.0611785900591852,2.0650353342981083,0.07507552945639608,2.0661268112098057,2.1805733191066974,1.9858499439786481,0.0054772255750482795,0.07259476565759579,0.0,0.09999999999999787
519151,2.5,20.4,-0.03,-0.03,1.07,0.0,1.44,1.56,1.0708407911543154,2.123016721554496,1.0671066291592075,0.00541317888048612,1.0671176130117994,1.071167587261676,1.0611785900591852,2.092468689813278,0.06299585451967821,2.0932271735289505,2.1805733191066974,2.012212712413874,0.0054772255750482795,0.06284902545689314,0.0,0.0
520151,2.5,20.4,-0.04,-0.03,1.07,0.03,1.24,1.57,1.071167587261676,2.000849819451725,1.0671066291592077,0.00541317888048612,1.0671176130117994,1.071167587261676,1.0611785900591852,2.090196111220848,0.06671034997913954,2.0910475843461813,2.1805733191066974,2.000849819451725,0.0054772255750482795,0.06220932406706565,0.0,0.0
521151,2.5,20.4,-0.04,-0.03,1.06,0.0,1.59,1.62,1.0611785900591852,2.2699118925632336,1.0651088297187095,0.0053829424158094675,1.0651197115817548,1.071167587261676,1.0611785900591852,2.108063825912155,0.10041729108347296,2.1099763031844696,2.2699118925632336,2.000849819451725,0.0054772255750483905,0.04062019203402723,0.0,0.0
522151,2.5,20.4,-0.04,-0.03,1.06,-0.06,1.37,1.54,1.0611785900591852,2.0620620747203513,1.0651088297187095,0.0053829424158094675,1.0651197115817546,1.071167587261676,1.0611785900591852,2.105872815882432,0.10148696545384754,2.1078282662494114,2.2699118925632336,2.000849819451725,0.0054772255750483905,0.03049590137840207,0.0,0.0
523151,2.5,20.4,-0.04,-0.03,1.07,-0.08,1.42,1.47,1.071167587261676,2.0454094944533723,1.0671066291592075,0.005413178880486188,1.0671176130117992,1.071167587261676,1.0611785900591852,2.1002500005486353,0.10446252434296419,2.1023272818474292,2.2699118925632336,2.000849819451725,0.0054772255750482795,0.05449770638184071,0.0,0.0
524151,2.5,20.4,-0.04,-0.03,1.07,0.0,1.36,1.62,1.071167587261676,2.115183207195065,1.0671719883806798,0.005471199094661638,1.0671832082636983,1.071167587261676,1.0611785900591852,2.0986832976767493,0.10409380415562655,2.1007474860153947,2.2699118925632336,2.000849819451725,0.0054772255750482795,0.06268971208165879,0.0,0.0
525151,2.5,20.4,-0.04,-0.03,1.07,0.0,1.42,1.59,1.071167587261676,2.131783291050007,1.0671719883806796,0.005471199094661638,1.0671832082636983,1.071167587261676,1.0611785900591852,2.124869991996406,0.08865323676706718,2.126348983586655,2.2699118925632336,2.0454094944533723,0.0054772255750482795,0.06379655163785312,0.0,0.0
526151,2.5,20.3,-0.04,-0.03,1.07,-0.03,1.28,1.5,1.071167587261676,1.9721308273033005,1.0691697878211779,0.004467215354366749,1.0691772537797464,1.071167587261676,1.0611785900591852,2.0653137789444194,0.06323561595877997,2.0660880910551707,2.131783291050007,1.9721308273033005,0.0044721359549953115,0.061886993794183866,0.0,-0.09999999999999787
527151,2.5,20.3,-0.04,-0.03,1.07,0.0,1.39,1.5,1.071167587261676,2.0450183373260984,1.071167587261676,0.0,1.071167587261676,1.071167587261676,1.071167587261676,2.0619050314655687,0.06391049615672259,2.062697263293865,2.131783291050007,1.9721308273033005,0.0,0.06503845017281226,0.0,0.0
528151,2.5,20.4,-0.04,-0.03,1.08,-0.06,1.31,1.5,1.0811567878897121,1.9924106002528696,1.0731654273872833,0.0044673063290365505,1.0731728658515367,1.0811567878897121,1.071167587261676,2.0513052526254683,0.07129832176663262,2.052296274907695,2.131783291050007,1.9721308273033005,0.004472135954995088,0.058480766076389246,0.0,0.09999999999999787
529151,2.5,20.4,-0.04,-0.03,1.07,-0.06,1.42,1.51,1.071167587261676,2.0736682473336954,1.0731654273872833,0.0044673063290365505,1.0731728658515367,1.0811567878897121,1.071167587261676,2.043002260653194,0.06404844810926054,2.0438052744818913,2.131783291050007,1.9721308273033005,0.004472135954995088,0.03937003938125337,0.0,0.0
530151,2.5,20.4,-0.04,-0.03,1.07,-0.08,1.37,1.63,1.071167587261676,2.130774507074834,1.073165427387283,0.0044673063290365505,1.0731728658515367,1.0811567878897121,1.071167587261676,2.0428005038581594,0.06369950387439849,2.0435948717884376,2.130774507074834,1.9721308273033005,0.004472135954995088,0.05718391382968991,0.0,0.0
531151,2.5,20.4,-0.04,-0.03,1.07,0.02,1.3,1.53,1.071167587261676,2.0078097519436446,1.073165427387283,0.0044673063290365505,1.0731728658515367,1.0811567878897121,1.071167587261676,2.0499362887862285,0.055240518593364395,2.050531638380642,2.130774507074834,1.9924106002528696,0.004472135954995088,0.05504543578609744,0.0,0.0
532151,2.5,20.4,-0.04,-0.03,1.06,-0.03,1.33,1.56,1.0611785900591852,2.050219500443794,1.071167627946785,0.007063359581146869,1.071186258313651,1.0811567878897121,1.0611785900591852,2.0509765214097677,0.055173687389413466,2.051570130412314,2.130774507074834,1.9924106002528696,0.0070710678118627015,0.0522494019188864,0.0,0.0
533151,2.5,20.4,-0.03,-0.03,1.06,0.06,1.37,1.51,1.0608487168300673,2.0397548872352287,1.067106013734856,0.005562761331545033,1.0671176130117992,1.071167587261676,1.0608487168300673,2.0604453788062393,0.04589173338194377,2.060854191834056,2.130774507074834,2.0078097519436446,0.0054772255750482795,0.05019960160082271,0.0,0.0
534151,2.5,20.4,-0.04,-0.03,1.07,0.03,1.31,1.62,1.071167587261676,2.0836026492592103,1.0671060137348563,0.005562761331545033,1.0671176130117992,1.071167587261676,1.0608487168300673,2.0624322591913424,0.046813142453834514,2.06285724178868,2.130774507074834,2.0078097519436446,0.0054772255750482795,0.053385391268410125,0.0,0.0
535151,2.5,20.4,-0.04,-0.03,1.06,-0.03,1.39,1.47,1.0611785900591852,2.0233388248140742,1.065108214294358,0.00553306455370331,1.0651197115817548,1.071167587261676,1.0608487168300673,2.0409451227391906,0.028788147850650106,2.0411075424876564,2.0836026492592103,2.0078097519436446,0.0054772255750483905,0.05630275304886405,0.0,0.0
536151,2.5,20.3,-0.04,-0.03,1.07,0.03,1.37,1.62,1.071167587261676,2.1218388251702813,1.065108214294358,0.00553306455370331,1.0651197115817548,1.071167587261676,1.0608487168300673,2.0637509373845178,0.03924392377729587,2.0640494180130475,2.1218388251702813,2.0233388248140742,0.0054772255750483905,0.06655824517579548,0.0,-0.09999999999999787
537151,2.5,20.3,-0.04,-0.03,1.06,-0.11,1.42,1.57,1.0611785900591852,2.119764137822885,1.065108214294358,0.00553306455370331,1.0651197115817548,1.071167587261676,1.0608487168300673,2.077659864860336,0.04513155695792202,2.078051972401075,2.1218388251702813,2.0233388248140742,0.0054772255750483905,0.0668580586083779,0.0,0.0
538151,2.5,20.4,-0.03,-0.03,1.07,-0.03,1.42,1.57,1.0708407911543154,2.1171206862151246,1.0671066291592077,0.0054131788804859865,1.0671176130117994,1.071167587261676,1.0611785900591852,2.093133024656315,0.042043743460417796,2.0934708022802706,2.1218388251702813,2.0233388248140742,0.0054772255750482795,0.06123724357677479,0.0,0.09999999999999787
539151,2.5,20.4,-0.03,-0.03,1.07,-0.08,1.37,1.57,1.0708407911543154,2.085233799841159,1.0670412699377354,0.005353532673037145,1.067052013727541,1.071167587261676,1.0611785900591852,2.093459254772705,0.041957547067506734,2.0937955965184374,2.1218388251702813,2.0233388248140742,0.0054772255750482795,0.054772255758561574,0.0,0.0
540151,2.5,20.4,-0.04,-0.03,1.06,0.03,1.33,1.57,1.0611785900591852,2.0578386720051696,1.0670412699377354,0.005353532673037145,1.0670520137275408,1.071167587261676,1.0611785900591852,2.1003592242109237,0.028087569989066582,2.1005094620115377,2.1218388251702813,2.0578386720051696,0.0054772255750482795,0.022360679794702118,0.0,0.0
541151,2.5,20.4,-0.04,-0.03,1.07,-0.09,1.48,1.5,1.071167587261676,2.1091467469097545,1.0670412699377354,0.005353532673037145,1.0670520137275408,1.071167587261676,1.0611785900591852,2.0978208085588186,0.026169046024155665,2.0979513817054958,2.119764137822885,2.0578386720051696,0.0054772255750482795,0.031304951699073026,0.0,0.0
542151,2.5,20.4,-0.04,-0.03,1.07,-0.03,1.39,1.54,1.071167587261676,2.074752997346913,1.0690390693782337,0.0043971784874602265,1.069046303955072,1.071167587261676,1.0611785900591852,2.0888185804636246,0.024416641562588923,2.0889327418564725,2.1171206862151246,2.0578386720051696,0.0044721359549953115,0.03082207002914175,0.0,0.0
543151,2.5,20.4,-0.03,-0.03,1.07,-0.03,1.33,1.65,1.0708407911543154,2.1195046591125957,1.0690390693782335,0.0043971784874602265,1.069046303955072,1.071167587261676,1.0611785900591852,2.0892953750431187,0.025120604632006834,2.0894161864023166,2.1195046591125957,2.0578386720051696,0.0044721359549953115,0.05504543578609629,0.0,0.0
544151,2.5,20.4,-0.04,-0.02,1.07,0.05,1.4,1.59,1.0709341716464182,2.1191035840656776,1.069057745476654,0.0044069315250960615,1.0690650120549265,1.071167587261676,1.0611785900591852,2.096069331888022,0.028137073335901163,2.0962204082586355,2.1195046591125957,2.0578386720051696,0.0044721359549953115,0.05612486080945978,0.0,0.0
545151,2.5,20.4,-0.03,-0.03,1.07,0.02,1.33,1.6,1.0708407911543154,2.0806969986040738,1.07099018569568,0.00016637131888957573,1.0709901960335586,1.071167587261676,1.0708407911543154,2.1006409972078033,0.021430143724285092,2.1007284450875607,2.1195046591125957,2.074752997346913,0.0,0.057706152192649365,0.0,0.0
546151,2.5,20.4,-0.03,-0.03,1.07,-0.03,1.31,1.62,1.0708407911543154,2.0836026492592103,1.0709248264742082,0.00014160326374307273,1.0709248339636168,1.071167587261676,1.0708407911543154,2.0955321776776943,0.0219343428100913,2.0956240120785026,2.1195046591125957,2.074752997346913,0.0,0.040620192034025594,0.0,0.0
547151,2.5,20.4,-0.04,-0.04,1.07,0.0,1.54,1.65,1.0714942836991712,2.2570112981551507,1.0709901657617071,0.0002846965735160097,1.0709901960335584,1.0714942836991712,1.0708407911543154,2.131983837839342,0.07232664783864146,2.1329650723816367,2.2570112981551507,2.0806969986040738,0.0,0.027748873866898224,0.0,0.0
548151,2.5,20.4,-0.03,-0.03,1.07,-0.12,1.28,1.47,1.0708407911543154,1.9528696833122274,1.0709901657617071,0.0002846965735160097,1.0709901960335584,1.0714942836991712,1.0708407911543154,2.0986568426792678,0.10873969303865813,2.100909326934411,2.2570112981551507,1.9528696833122274,0.0,0.06877499546260381,0.0,0.0
549151,2.5,20.4,-0.04,-0.03,1.06,0.02,1.37,1.6,1.0611785900591852,2.1064899714928624,1.0690390494442605,0.004403232237806307,1.069046303955072,1.0714942836991712,1.0611785900591852,2.096134120164705,0.10829214121743358,2.0983707965943483,2.2570112981551507,1.9528696833122274,0.0044721359549953115,0.06906518660570728,0.0,0.0
550151,2.5,20.4,-0.04,-0.03,1.06,-0.06,1.42,1.6,1.0611785900591852,2.1400934559032696,1.0671066092252346,0.005418088664703354,1.0671176130117994,1.0714942836991712,1.0611785900591852,2.108013411624544,0.10942723843539466,2.110284341030848,2.2570112981551507,1.9528696833122274,0.0054772255750482795,0.06906518660570728,0.0,0.0
551151,2.5,20.4,-0.04,-0.03,1.06,-0.06,1.37,1.56,1.0611785900591852,2.077041164734103,1.0651741690062084,0.005476048065607491,1.0651854298665562,1.0714942836991712,1.0611785900591852,2.106701114719523,0.1098317647458349,2.1089902797310374,2.2570112981551507,1.9528696833122274,0.0054772255750483905,0.06730527468840176,0.0,0.0
